"profile","resident","nonresident","total","overall_percent","resident_percent","nonresident_percent"
"TTT",597,1348,1945,30.9,27.6,32.7
"TTN",398,865,1263,20.1,18.4,21
"NNN",201,450,651,10.4,9.3,10.9
"DDD",274,236,510,8.1,12.7,5.7
"TNN",61,199,260,4.1,2.8,4.8
"NND",96,149,245,3.9,4.4,3.6
"TTD",73,146,219,3.5,3.4,3.5
"NDD",43,87,130,2.1,2,2.1
"NTN",46,67,113,1.8,2.1,1.6
"TDD",13,84,97,1.5,0.6,2
"DDN",43,53,96,1.5,2,1.3
"DND",52,42,94,1.5,2.4,1
"TDN",19,66,85,1.4,0.9,1.6
"NNT",27,57,84,1.3,1.2,1.4
"TND",27,54,81,1.3,1.2,1.3
"NDN",21,53,74,1.2,1,1.3
"TNT",25,46,71,1.1,1.2,1.1
"DNN",34,29,63,1,1.6,0.7
"NTT",31,31,62,1,1.4,0.8
"NTD",22,10,32,0.5,1,0.2
"DTD",20,10,30,0.5,0.9,0.2
"DTN",17,6,23,0.4,0.8,0.1
"TDT",7,11,18,0.3,0.3,0.3
"DTT",7,7,14,0.2,0.3,0.2
"DDT",4,7,11,0.2,0.2,0.2
"DNT",4,5,9,0.1,0.2,0.1
"NDT",2,7,9,0.1,0.1,0.2
