"","topic","strength","group"
"1",8,0.278717769104331,"Disagree Non-resident"
"2",4,0.509806978844247,"Agree Resident"
"3",9,0.373248187794544,"Disagree Resident"
"4",2,0.195996098292282,"Disagree Non-resident"
"5",7,0.26680651110836,"Disagree Non-resident"
"6",8,0.4189473609343,"Disagree Resident"
"7",4,0.257479420033338,"Disagree Non-resident"
"8",5,0.245092524015279,"Disagree Non-resident"
"9",4,0.173357483361945,"Agree Non-resident"
"10",7,0.661063127106807,"Disagree Non-resident"
"11",8,0.280641078464514,"Disagree Resident"
"12",4,0.299006000981941,"Agree Resident"
"13",3,0.214370943739762,"Agree Resident"
"14",3,0.259445038559356,"Agree Non-resident"
"15",10,0.27717759306125,"Agree Resident"
"16",2,0.244109199694676,"Agree Non-resident"
"17",5,0.292405967557569,"Disagree Resident"
"18",7,0.549779132302778,"Disagree Non-resident"
"19",9,0.254990914838505,"Agree Resident"
"20",1,0.292026834620068,"Agree Non-resident"
"21",8,0.223655034552015,"Agree Non-resident"
"22",7,0.494342255788271,"Disagree Non-resident"
"23",7,0.323096872153065,"Disagree Resident"
"24",7,0.39982278608739,"Disagree Non-resident"
"25",6,0.358393195846706,"Agree Non-resident"
"26",7,0.289758486313606,"Disagree Resident"
"27",4,0.38024575169516,"Agree Non-resident"
"28",8,0.246881277160592,"Agree Non-resident"
"29",4,0.38398088780849,"Agree Non-resident"
"30",4,0.281008363215575,"Agree Non-resident"
"31",9,0.422582949034349,"Disagree Resident"
"32",8,0.185354436988778,"Disagree Resident"
"33",8,0.321102890680032,"Agree Resident"
"34",9,0.356212467872201,"Disagree Resident"
"35",4,0.213958120250465,"Agree Non-resident"
"36",4,0.249640373150099,"Agree Resident"
"37",5,0.206852940774263,"Disagree Non-resident"
"38",8,0.389737979260575,"Disagree Resident"
"39",2,0.21928727600412,"Agree Non-resident"
"40",7,0.564016109172069,"Disagree Non-resident"
"41",9,0.237682738541312,"Disagree Resident"
"42",3,0.231145896607177,"Agree Resident"
"43",7,0.21775716290095,"Agree Non-resident"
"44",8,0.266615920731924,"Agree Resident"
"45",9,0.373803825313856,"Disagree Resident"
"46",5,0.224099215163936,"Disagree Non-resident"
"47",4,0.374339058652736,"Agree Non-resident"
"48",1,0.200742531403822,"Agree Non-resident"
"49",7,0.231199807283412,"Disagree Resident"
"50",9,0.292163457892414,"Disagree Resident"
"51",9,0.327278966107885,"Agree Non-resident"
"52",7,0.195299180326072,"Disagree Resident"
"53",8,0.282298020014896,"Disagree Resident"
"54",4,0.437454717105054,"Agree Non-resident"
"55",7,0.256314934276905,"Disagree Non-resident"
"56",7,0.544277115359322,"Disagree Non-resident"
"57",7,0.425127381074285,"Disagree Non-resident"
"58",7,0.20792260340464,"Disagree Resident"
"59",8,0.252870836768856,"Disagree Non-resident"
"60",2,0.16890671873253,"Disagree Resident"
"61",4,0.48760954301399,"Agree Non-resident"
"62",7,0.36912760334713,"Disagree Resident"
"63",9,0.284394388554547,"Disagree Resident"
"64",7,0.315136476472819,"Disagree Non-resident"
"65",7,0.408519170836394,"Disagree Non-resident"
"66",1,0.141710654338455,"Agree Resident"
"67",8,0.331035621966185,"Agree Resident"
"68",7,0.573489373240109,"Disagree Non-resident"
"69",3,0.299390488729367,"Agree Non-resident"
"70",4,0.213958137311846,"Agree Non-resident"
"71",4,0.289225339743633,"Agree Non-resident"
"72",5,0.152462608668926,"Disagree Resident"
"73",4,0.293923753249609,"Agree Resident"
"74",8,0.34055646610254,"Disagree Non-resident"
"75",6,0.415043459636058,"Disagree Resident"
"76",6,0.229515655445823,"Agree Resident"
"77",8,0.289769672906878,"Agree Resident"
"78",3,0.250551284147652,"Agree Non-resident"
"79",5,0.280614504680752,"Disagree Non-resident"
"80",4,0.486375156323906,"Agree Resident"
"81",1,0.187563162413056,"Disagree Non-resident"
"82",7,0.264022170720734,"Disagree Non-resident"
"83",7,0.342147513730099,"Disagree Non-resident"
"84",4,0.257137665356353,"Disagree Resident"
"85",4,0.349489802365934,"Agree Non-resident"
"86",4,0.227379340232028,"Disagree Resident"
"87",8,0.343875959893412,"Disagree Resident"
"88",8,0.264341201256052,"Agree Resident"
"89",5,0.511055082727572,"Disagree Non-resident"
"90",9,0.249844630125693,"Agree Non-resident"
"91",8,0.233534905251742,"Disagree Resident"
"92",9,0.267727179415308,"Disagree Non-resident"
"93",7,0.504297209286515,"Disagree Non-resident"
"94",7,0.338198325785184,"Disagree Non-resident"
"95",7,0.232900355952821,"Disagree Non-resident"
"96",8,0.358353843719632,"Disagree Resident"
"97",8,0.224912502004996,"Agree Resident"
"98",8,0.344089448146007,"Agree Resident"
"99",9,0.29549874184102,"Disagree Resident"
"100",4,0.312734411532347,"Agree Non-resident"
"101",5,0.214872845770887,"Disagree Non-resident"
"102",9,0.262074990046797,"Disagree Resident"
"103",4,0.285139171028674,"Agree Non-resident"
"104",4,0.558246277036155,"Agree Non-resident"
"105",8,0.243408940005926,"Disagree Resident"
"106",4,0.289273855328078,"Agree Resident"
"107",4,0.291079264341864,"Agree Resident"
"108",5,0.310030014371232,"Disagree Non-resident"
"109",7,0.273197767193077,"Disagree Non-resident"
"110",8,0.27483944702367,"Agree Resident"
"111",8,0.232767638362223,"Agree Resident"
"112",7,0.445797478862373,"Disagree Non-resident"
"113",4,0.224838798466422,"Agree Resident"
"114",4,0.22684917689801,"Disagree Non-resident"
"115",7,0.237538828267983,"Disagree Resident"
"116",4,0.195674362255674,"Agree Non-resident"
"117",6,0.318832712189347,"Disagree Resident"
"118",4,0.208370610967299,"Agree Non-resident"
"119",4,0.181499417012121,"Agree Non-resident"
"120",6,0.487703938414044,"Disagree Resident"
"121",7,0.21501174979402,"Agree Non-resident"
"122",6,0.203000349000984,"Disagree Resident"
"123",4,0.418227760562568,"Agree Non-resident"
"124",7,0.372646293592649,"Disagree Non-resident"
"125",3,0.312892087944492,"Agree Non-resident"
"126",7,0.224003209841339,"Disagree Non-resident"
"127",9,0.321289442269261,"Agree Resident"
"128",4,0.419016631926023,"Agree Resident"
"129",9,0.267205009959335,"Disagree Resident"
"130",4,0.491451233533952,"Agree Non-resident"
"131",8,0.204987208854804,"Agree Resident"
"132",4,0.375669799756262,"Agree Non-resident"
"133",8,0.33396026959965,"Disagree Resident"
"134",4,0.176946921474169,"Agree Non-resident"
"135",9,0.484686180544013,"Disagree Non-resident"
"136",4,0.341471717396544,"Agree Non-resident"
"137",8,0.279116213002575,"Disagree Resident"
"138",7,0.52610952969384,"Disagree Non-resident"
"139",7,0.186933837866993,"Disagree Non-resident"
"140",7,0.451588081963421,"Disagree Non-resident"
"141",5,0.310048822000893,"Disagree Non-resident"
"142",7,0.258079718617496,"Disagree Resident"
"143",8,0.265593294831918,"Agree Non-resident"
"144",4,0.592861578183102,"Agree Non-resident"
"145",1,0.225761679540605,"Agree Resident"
"146",7,0.203670185903733,"Disagree Resident"
"147",8,0.22833162378383,"Disagree Non-resident"
"148",7,0.253529398859632,"Disagree Non-resident"
"149",4,0.383980888128387,"Agree Non-resident"
"150",2,0.193422693595473,"Disagree Resident"
"151",4,0.221321060559686,"Agree Non-resident"
"152",4,0.254809822873382,"Agree Non-resident"
"153",7,0.326129049238036,"Disagree Resident"
"154",8,0.288277451404075,"Disagree Resident"
"155",7,0.182648846476769,"Agree Non-resident"
"156",7,0.224003209841339,"Disagree Non-resident"
"157",7,0.258523415376904,"Disagree Non-resident"
"158",1,0.149202169015849,"Agree Resident"
"159",4,0.174209684604027,"Agree Non-resident"
"160",2,0.261531541463438,"Agree Resident"
"161",7,0.383429716176839,"Disagree Resident"
"162",8,0.25433891834608,"Disagree Resident"
"163",7,0.21928619031172,"Disagree Non-resident"
"164",7,0.184775297935402,"Disagree Resident"
"165",4,0.206230805345519,"Agree Resident"
"166",8,0.518222565519306,"Disagree Non-resident"
"167",4,0.261605023649796,"Disagree Non-resident"
"168",6,0.202999857655736,"Disagree Resident"
"169",9,0.422493481239423,"Disagree Resident"
"170",7,0.248673016488229,"Disagree Non-resident"
"171",5,0.293143527051074,"Disagree Non-resident"
"172",3,0.294371898134142,"Disagree Resident"
"173",7,0.186209089907512,"Agree Non-resident"
"174",6,0.206837982992055,"Disagree Non-resident"
"175",4,0.287525479044886,"Agree Non-resident"
"176",8,0.210455583118306,"Agree Resident"
"177",4,0.261289416666829,"Disagree Resident"
"178",9,0.434056047804447,"Disagree Resident"
"179",5,0.191825489844951,"Disagree Resident"
"180",9,0.180547483107381,"Disagree Resident"
"181",8,0.271614855954629,"Disagree Resident"
"182",7,0.242889953870535,"Disagree Non-resident"
"183",4,0.429898168352563,"Agree Non-resident"
"184",10,0.37087502836035,"Disagree Resident"
"185",5,0.239637045922271,"Disagree Resident"
"186",10,0.278150873575094,"Agree Resident"
"187",4,0.417391395487658,"Agree Non-resident"
"188",4,0.307897371732333,"Agree Non-resident"
"189",7,0.505207456092837,"Disagree Resident"
"190",4,0.215495990969111,"Agree Non-resident"
"191",5,0.473206817843757,"Disagree Non-resident"
"192",9,0.302506436127357,"Disagree Resident"
"193",4,0.273578602379869,"Agree Non-resident"
"194",7,0.258377890878108,"Disagree Non-resident"
"195",9,0.348187306414216,"Disagree Resident"
"196",10,0.225617697947581,"Agree Resident"
"197",8,0.348291623451232,"Agree Non-resident"
"198",8,0.342863400856364,"Agree Non-resident"
"199",9,0.225623638745806,"Disagree Resident"
"200",2,0.267161643208394,"Agree Non-resident"
"201",6,0.1896936037585,"Disagree Resident"
"202",9,0.300774771076345,"Disagree Resident"
"203",7,0.510021585626739,"Disagree Non-resident"
"204",9,0.256683979503686,"Disagree Resident"
"205",3,0.306883037738883,"Agree Resident"
"206",7,0.311653822866239,"Disagree Resident"
"207",7,0.213108380379341,"Disagree Resident"
"208",8,0.244731866775464,"Disagree Resident"
"209",8,0.542211881454212,"Disagree Resident"
"210",8,0.204637890244184,"Disagree Non-resident"
"211",7,0.433079890848502,"Disagree Non-resident"
"212",8,0.237772201614574,"Disagree Resident"
"213",7,0.361955915029386,"Disagree Resident"
"214",3,0.330431366936776,"Agree Resident"
"215",8,0.182938049912845,"Agree Non-resident"
"216",5,0.408701016520707,"Disagree Non-resident"
"217",8,0.21282374503877,"Agree Resident"
"218",7,0.39236670861449,"Disagree Non-resident"
"219",7,0.386977919674434,"Disagree Non-resident"
"220",5,0.29979524000177,"Disagree Non-resident"
"221",7,0.237402183002535,"Disagree Resident"
"222",5,0.349912774223279,"Disagree Resident"
"223",7,0.371883205614512,"Disagree Resident"
"224",7,0.556223274299658,"Disagree Non-resident"
"225",8,0.288925102976316,"Disagree Non-resident"
"226",10,0.289936419661638,"Agree Non-resident"
"227",5,0.172281591800881,"Disagree Resident"
"228",7,0.221587795906541,"Disagree Resident"
"229",7,0.236821820336359,"Disagree Non-resident"
"230",4,0.384866200784868,"Agree Non-resident"
"231",9,0.372545899901263,"Disagree Resident"
"232",9,0.416284315416775,"Disagree Resident"
"233",6,0.285263779952659,"Disagree Resident"
"234",7,0.374522800299389,"Disagree Resident"
"235",9,0.242628248999598,"Disagree Non-resident"
"236",9,0.268751029672205,"Disagree Resident"
"237",8,0.285950007921362,"Disagree Resident"
"238",10,0.41882845392623,"Disagree Resident"
"239",8,0.356373851625694,"Disagree Non-resident"
"240",2,0.194309654088958,"Agree Resident"
"241",4,0.130606076363013,"Disagree Resident"
"242",8,0.290213628541199,"Disagree Resident"
"243",8,0.378766346157401,"Disagree Non-resident"
"244",4,0.383980766697175,"Agree Non-resident"
"245",10,0.209925929066283,"Disagree Resident"
"246",9,0.290075079065703,"Disagree Resident"
"247",7,0.292355805915465,"Disagree Non-resident"
"248",6,0.318832712189347,"Disagree Resident"
"249",4,0.215336815900192,"Agree Resident"
"250",1,0.213242512296207,"Disagree Resident"
"251",4,0.271780546039756,"Agree Resident"
"252",1,0.378394188397655,"Agree Non-resident"
"253",4,0.38398088780849,"Agree Non-resident"
"254",8,0.239091502972101,"Disagree Resident"
"255",7,0.224003209841339,"Disagree Non-resident"
"256",9,0.250496239094442,"Disagree Resident"
"257",3,0.260144458292658,"Agree Resident"
"258",7,0.245704270800677,"Disagree Non-resident"
"259",5,0.202843038362337,"Disagree Non-resident"
"260",4,0.293517864782547,"Agree Resident"
"261",3,0.277692111118329,"Agree Non-resident"
"262",8,0.262456718367991,"Disagree Resident"
"263",6,0.203000349000984,"Disagree Resident"
"264",7,0.259808021682142,"Disagree Resident"
"265",4,0.561781875935589,"Agree Non-resident"
"266",4,0.276280206486834,"Agree Non-resident"
"267",8,0.548869305609012,"Disagree Non-resident"
"268",5,0.301933226960082,"Disagree Non-resident"
"269",4,0.304673169138216,"Agree Resident"
"270",2,0.210883834418629,"Disagree Resident"
"271",7,0.2435926832543,"Disagree Non-resident"
"272",3,0.186563294728057,"Agree Resident"
"273",4,0.307096280235943,"Agree Non-resident"
"274",8,0.290233332106178,"Disagree Resident"
"275",9,0.300064647893197,"Disagree Resident"
"276",3,0.47601963656589,"Agree Non-resident"
"277",6,0.285195671177182,"Disagree Non-resident"
"278",4,0.349200292130323,"Agree Non-resident"
"279",7,0.335821137025628,"Disagree Non-resident"
"280",7,0.19181699101884,"Disagree Non-resident"
"281",8,0.24238580883669,"Disagree Resident"
"282",2,0.243225959510443,"Disagree Resident"
"283",9,0.340350583493889,"Disagree Resident"
"284",4,0.254135091138883,"Agree Resident"
"285",2,0.253296996202854,"Disagree Resident"
"286",4,0.202425328061201,"Agree Non-resident"
"287",9,0.592446480345206,"Agree Resident"
"288",3,0.416560545181416,"Agree Non-resident"
"289",7,0.441087932543559,"Disagree Non-resident"
"290",4,0.38398088780849,"Agree Non-resident"
"291",9,0.145579277557489,"Disagree Resident"
"292",4,0.203992773249076,"Agree Resident"
"293",8,0.377644834436815,"Disagree Non-resident"
"294",7,0.504431456734139,"Disagree Non-resident"
"295",4,0.303315794702463,"Agree Non-resident"
"296",4,0.176946921474169,"Agree Non-resident"
"297",9,0.191664608243949,"Disagree Resident"
"298",9,0.207805140392444,"Disagree Resident"
"299",5,0.514714695474475,"Disagree Non-resident"
"300",7,0.504431456734139,"Disagree Non-resident"
"301",5,0.314586515613904,"Disagree Non-resident"
"302",6,0.202999857655736,"Disagree Resident"
"303",5,0.30743073561669,"Agree Non-resident"
"304",3,0.372649027930545,"Agree Non-resident"
"305",3,0.264949469031091,"Agree Non-resident"
"306",9,0.473968180683816,"Agree Resident"
"307",6,0.245160067722527,"Disagree Non-resident"
"308",6,0.28692030238286,"Agree Resident"
"309",9,0.241812556887459,"Disagree Non-resident"
"310",8,0.245850319764826,"Agree Resident"
"311",4,0.523381633774993,"Agree Non-resident"
"312",1,0.22693095497748,"Agree Non-resident"
"313",9,0.378684976227929,"Disagree Non-resident"
"314",7,0.238368243179284,"Disagree Non-resident"
"315",4,0.19816569931653,"Agree Resident"
"316",4,0.523345857975688,"Agree Non-resident"
"317",8,0.169732873129389,"Disagree Resident"
"318",7,0.553233465056617,"Disagree Non-resident"
"319",7,0.554882150551715,"Disagree Non-resident"
"320",8,0.371978495363232,"Agree Resident"
"321",5,0.473724613884454,"Disagree Non-resident"
"322",9,0.478783551129742,"Disagree Non-resident"
"323",7,0.375200631043048,"Disagree Resident"
"324",3,0.169932207551722,"Agree Resident"
"325",9,0.360350398816449,"Disagree Resident"
"326",9,0.247305277856345,"Agree Resident"
"327",10,0.169383689766003,"Agree Resident"
"328",1,0.267007107536245,"Disagree Resident"
"329",4,0.214413176639902,"Agree Resident"
"330",4,0.320582684178057,"Agree Non-resident"
"331",8,0.276606435557585,"Disagree Non-resident"
"332",8,0.291857669510288,"Agree Resident"
"333",4,0.331054355588636,"Agree Resident"
"334",7,0.543544188897041,"Disagree Non-resident"
"335",9,0.2893908979809,"Disagree Resident"
"336",7,0.281381353935783,"Disagree Non-resident"
"337",2,0.193422688385072,"Disagree Resident"
"338",9,0.314588035781395,"Disagree Non-resident"
"339",7,0.440386855958302,"Disagree Non-resident"
"340",2,0.171657475881573,"Agree Non-resident"
"341",7,0.202574709909728,"Disagree Non-resident"
"342",7,0.408519155472448,"Disagree Non-resident"
"343",7,0.366026456763013,"Disagree Resident"
"344",4,0.213958137311846,"Agree Non-resident"
"345",7,0.252379059952201,"Disagree Non-resident"
"346",9,0.253564580619096,"Agree Resident"
"347",5,0.512194333248709,"Disagree Non-resident"
"348",4,0.426261474796546,"Agree Non-resident"
"349",4,0.229267831820912,"Disagree Non-resident"
"350",6,0.183474768198075,"Disagree Resident"
"351",9,0.15904079527713,"Disagree Non-resident"
"352",3,0.231093361936762,"Agree Non-resident"
"353",5,0.237606418102496,"Disagree Resident"
"354",5,0.385937055870638,"Disagree Non-resident"
"355",7,0.414770267987472,"Disagree Resident"
"356",9,0.323316849637803,"Agree Resident"
"357",7,0.271688537330152,"Disagree Resident"
"358",7,0.254204845817132,"Disagree Non-resident"
"359",3,0.227365043894598,"Agree Non-resident"
"360",6,0.284266339093801,"Disagree Resident"
"361",4,0.48921553317562,"Agree Non-resident"
"362",5,0.317411893081665,"Disagree Non-resident"
"363",9,0.651076204285247,"Disagree Non-resident"
"364",6,0.203000349000984,"Disagree Resident"
"365",9,0.236576911071345,"Agree Non-resident"
"366",8,0.233645894644648,"Disagree Resident"
"367",5,0.257664181980534,"Disagree Non-resident"
"368",7,0.224003209841339,"Disagree Non-resident"
"369",9,0.386248465474033,"Agree Resident"
"370",4,0.328069723098558,"Agree Non-resident"
"371",9,0.32089776554754,"Disagree Non-resident"
"372",10,0.421761556510803,"Disagree Resident"
"373",10,0.246744912023982,"Agree Non-resident"
"374",7,0.539881627682725,"Disagree Non-resident"
"375",7,0.408519155472448,"Disagree Non-resident"
"376",8,0.412509448857872,"Disagree Resident"
"377",2,0.227921867986579,"Disagree Resident"
"378",2,0.255192244382131,"Disagree Resident"
"379",7,0.600382509205978,"Disagree Non-resident"
"380",8,0.359741232186401,"Agree Non-resident"
"381",3,0.247748863511725,"Agree Non-resident"
"382",7,0.280216503491925,"Disagree Non-resident"
"383",8,0.256540265709095,"Disagree Resident"
"384",8,0.409118677422299,"Agree Resident"
"385",9,0.571155181296539,"Disagree Non-resident"
"386",8,0.224664780376651,"Disagree Non-resident"
"387",7,0.374543577040509,"Disagree Resident"
"388",7,0.26570201041941,"Disagree Non-resident"
"389",4,0.166020975213668,"Agree Non-resident"
"390",5,0.216088639929852,"Agree Non-resident"
"391",8,0.128564501464632,"Disagree Resident"
"392",5,0.534062217613037,"Agree Non-resident"
"393",4,0.213958120250465,"Agree Non-resident"
"394",3,0.362351099109601,"Agree Resident"
"395",1,0.252932518154278,"Agree Non-resident"
"396",7,0.238549208765197,"Agree Resident"
"397",5,0.428041735503135,"Disagree Non-resident"
"398",7,0.450575629136628,"Disagree Non-resident"
"399",7,0.283781605113255,"Agree Resident"
"400",9,0.268160287244173,"Disagree Resident"
"401",4,0.256175777967402,"Agree Resident"
"402",8,0.425130878692447,"Disagree Non-resident"
"403",10,0.18073155836736,"Agree Resident"
"404",4,0.262821864021432,"Agree Non-resident"
"405",8,0.218101300682823,"Agree Non-resident"
"406",8,0.178158296614632,"Disagree Resident"
"407",7,0.190733028761681,"Disagree Non-resident"
"408",7,0.463732663739207,"Disagree Non-resident"
"409",3,0.268325637482883,"Agree Resident"
"410",5,0.62350285250253,"Disagree Non-resident"
"411",8,0.275661736654949,"Agree Non-resident"
"412",4,0.560173096778218,"Agree Non-resident"
"413",4,0.272297146562503,"Disagree Non-resident"
"414",5,0.309608190423118,"Agree Non-resident"
"415",5,0.328342596968451,"Disagree Non-resident"
"416",8,0.271528165206092,"Agree Resident"
"417",4,0.426522558121646,"Agree Non-resident"
"418",2,0.258107736019154,"Disagree Resident"
"419",5,0.414953090999326,"Disagree Non-resident"
"420",9,0.367497817680157,"Agree Non-resident"
"421",3,0.246039755296781,"Agree Non-resident"
"422",8,0.228528984531568,"Disagree Resident"
"423",9,0.304936322861925,"Disagree Resident"
"424",8,0.20429152129834,"Disagree Resident"
"425",4,0.341803589385438,"Agree Non-resident"
"426",7,0.24486303208693,"Disagree Non-resident"
"427",8,0.340584244274863,"Disagree Non-resident"
"428",4,0.383980873511439,"Agree Non-resident"
"429",9,0.219909490178153,"Disagree Resident"
"430",9,0.255200704514222,"Agree Non-resident"
"431",4,0.25696784644838,"Agree Resident"
"432",4,0.304542294407272,"Agree Resident"
"433",8,0.275913809986022,"Agree Non-resident"
"434",4,0.213958120250465,"Agree Non-resident"
"435",4,0.271756516054456,"Agree Non-resident"
"436",6,0.203000349000984,"Disagree Resident"
"437",8,0.308635285477784,"Agree Resident"
"438",9,0.27076315014271,"Disagree Resident"
"439",4,0.219213921020603,"Agree Resident"
"440",7,0.219869670518214,"Disagree Non-resident"
"441",7,0.433062074409636,"Disagree Non-resident"
"442",3,0.297978768025004,"Agree Non-resident"
"443",8,0.309822157061873,"Disagree Resident"
"444",9,0.334266708104154,"Agree Non-resident"
"445",9,0.319432478386495,"Agree Non-resident"
"446",8,0.357684285682207,"Disagree Non-resident"
"447",8,0.235664766190967,"Agree Resident"
"448",8,0.311060357594027,"Agree Non-resident"
"449",9,0.145577194692882,"Disagree Resident"
"450",4,0.208305773123699,"Agree Non-resident"
"451",7,0.408519155472448,"Disagree Non-resident"
"452",7,0.48697456742522,"Disagree Resident"
"453",10,0.163611862397397,"Disagree Resident"
"454",9,0.388449868629961,"Agree Resident"
"455",9,0.496984435981935,"Agree Resident"
"456",4,0.38398088780849,"Agree Non-resident"
"457",4,0.204286343944715,"Agree Non-resident"
"458",9,0.229013500828956,"Disagree Non-resident"
"459",8,0.172404019755379,"Agree Non-resident"
"460",8,0.251820348274783,"Agree Non-resident"
"461",7,0.331229584225,"Disagree Non-resident"
"462",7,0.39236670861449,"Disagree Non-resident"
"463",9,0.248116681784447,"Disagree Resident"
"464",8,0.287526467820912,"Disagree Resident"
"465",7,0.224003220300753,"Disagree Non-resident"
"466",3,0.262387300178837,"Agree Resident"
"467",9,0.183013681232426,"Disagree Resident"
"468",7,0.341380943292968,"Disagree Non-resident"
"469",7,0.226701942464162,"Disagree Resident"
"470",10,0.37087502836035,"Disagree Resident"
"471",4,0.321706395729794,"Agree Non-resident"
"472",4,0.23444009750696,"Agree Non-resident"
"473",9,0.453674242139472,"Disagree Resident"
"474",9,0.209185381439809,"Disagree Non-resident"
"475",10,0.378838747402537,"Disagree Non-resident"
"476",7,0.651499985670616,"Disagree Non-resident"
"477",9,0.446947380699949,"Agree Non-resident"
"478",9,0.674212620026809,"Disagree Resident"
"479",7,0.356694303424854,"Disagree Non-resident"
"480",2,0.206753829517853,"Disagree Resident"
"481",8,0.243890399541008,"Disagree Resident"
"482",9,0.285679980461675,"Disagree Non-resident"
"483",7,0.213259742849779,"Agree Resident"
"484",1,0.273397882654717,"Disagree Resident"
"485",3,0.182084909607209,"Agree Non-resident"
"486",7,0.322294215452448,"Disagree Non-resident"
"487",3,0.188355161678417,"Agree Non-resident"
"488",8,0.26147604730153,"Agree Resident"
"489",7,0.335119129601595,"Disagree Non-resident"
"490",9,0.385104855139822,"Disagree Resident"
"491",8,0.191322172394068,"Disagree Resident"
"492",8,0.247920747086632,"Disagree Resident"
"493",5,0.365812078881635,"Disagree Non-resident"
"494",8,0.459513022956817,"Disagree Resident"
"495",7,0.541127887013853,"Disagree Non-resident"
"496",9,0.323843072869817,"Disagree Resident"
"497",6,0.179148685011913,"Disagree Resident"
"498",7,0.266844987776716,"Disagree Non-resident"
"499",8,0.375628783276916,"Disagree Resident"
"500",4,0.226420157918392,"Agree Non-resident"
"501",6,0.229579546312679,"Disagree Resident"
"502",2,0.182252003522462,"Agree Resident"
"503",3,0.259445030192656,"Agree Non-resident"
"504",9,0.191105639591126,"Agree Non-resident"
"505",6,0.422425471396238,"Disagree Resident"
"506",7,0.448718308771664,"Disagree Resident"
"507",5,0.209142448065869,"Disagree Resident"
"508",4,0.209196778508584,"Agree Resident"
"509",7,0.496105709699419,"Disagree Non-resident"
"510",4,0.330475794638121,"Agree Non-resident"
"511",1,0.210035455151668,"Agree Resident"
"512",4,0.192564975577479,"Agree Resident"
"513",7,0.26155233455345,"Disagree Resident"
"514",8,0.325849622365125,"Agree Non-resident"
"515",8,0.269441249419867,"Disagree Resident"
"516",4,0.30086694747146,"Agree Non-resident"
"517",5,0.241829779692332,"Disagree Resident"
"518",4,0.313856683957301,"Agree Resident"
"519",8,0.172505387067356,"Disagree Resident"
"520",4,0.398240973946699,"Agree Non-resident"
"521",9,0.419862995831317,"Disagree Non-resident"
"522",4,0.383980888128387,"Agree Non-resident"
"523",2,0.235678782502621,"Agree Resident"
"524",7,0.392035289410108,"Disagree Resident"
"525",9,0.430881034451913,"Disagree Resident"
"526",9,0.486641624177705,"Disagree Non-resident"
"527",9,0.174792145687103,"Disagree Resident"
"528",9,0.215291312257234,"Agree Resident"
"529",9,0.32393274991972,"Agree Non-resident"
"530",5,0.254685408178313,"Agree Non-resident"
"531",8,0.2323378179195,"Agree Resident"
"532",9,0.472448413049446,"Disagree Non-resident"
"533",2,0.192391002626664,"Disagree Resident"
"534",5,0.36085420976848,"Disagree Non-resident"
"535",5,0.209140307289465,"Disagree Resident"
"536",4,0.23361810202872,"Agree Non-resident"
"537",6,0.203000349000984,"Disagree Resident"
"538",9,0.254135922461421,"Agree Resident"
"539",5,0.255243450357932,"Disagree Resident"
"540",8,0.191131399614438,"Disagree Resident"
"541",5,0.268375963700843,"Disagree Non-resident"
"542",7,0.273837547175084,"Disagree Non-resident"
"543",9,0.309760524948829,"Disagree Resident"
"544",4,0.304673186112003,"Agree Resident"
"545",8,0.303758547721602,"Agree Non-resident"
"546",8,0.156374302596713,"Disagree Resident"
"547",9,0.402145515293026,"Disagree Resident"
"548",3,0.259445030192656,"Agree Non-resident"
"549",3,0.218566272887643,"Agree Resident"
"550",4,0.63125992298156,"Agree Non-resident"
"551",5,0.31004655574277,"Disagree Non-resident"
"552",8,0.358284347826607,"Disagree Resident"
"553",8,0.272559804118511,"Disagree Resident"
"554",2,0.231138844696798,"Disagree Resident"
"555",7,0.502768067999958,"Disagree Non-resident"
"556",9,0.318432311017283,"Disagree Non-resident"
"557",4,0.228734647053218,"Disagree Non-resident"
"558",8,0.179676209534193,"Agree Non-resident"
"559",9,0.358841131469425,"Agree Non-resident"
"560",9,0.218209695971887,"Agree Non-resident"
"561",9,0.239520640991658,"Disagree Non-resident"
"562",10,0.219235793411053,"Disagree Non-resident"
"563",7,0.23951075952239,"Disagree Non-resident"
"564",4,0.210909716730445,"Agree Non-resident"
"565",9,0.251832394014603,"Agree Resident"
"566",2,0.227107374661009,"Agree Resident"
"567",9,0.316766600062428,"Disagree Resident"
"568",5,0.351988044265048,"Disagree Non-resident"
"569",9,0.324684459905375,"Agree Non-resident"
"570",9,0.256852886709091,"Agree Non-resident"
"571",4,0.38398088780849,"Agree Non-resident"
"572",7,0.358161430463207,"Disagree Non-resident"
"573",7,0.440543021009954,"Disagree Non-resident"
"574",5,0.30750034209291,"Disagree Non-resident"
"575",8,0.291347569647338,"Disagree Resident"
"576",2,0.342859930633663,"Disagree Non-resident"
"577",7,0.234881242047508,"Disagree Non-resident"
"578",4,0.487609479663261,"Agree Non-resident"
"579",7,0.440542280517777,"Disagree Non-resident"
"580",4,0.436023203603511,"Agree Non-resident"
"581",7,0.386600624433279,"Disagree Non-resident"
"582",3,0.187099087607681,"Agree Non-resident"
"583",5,0.444221811770595,"Disagree Non-resident"
"584",2,0.220983492863827,"Agree Non-resident"
"585",5,0.256800930576769,"Disagree Non-resident"
"586",10,0.175692937253227,"Agree Resident"
"587",3,0.226440997574386,"Agree Non-resident"
"588",9,0.219953015371944,"Disagree Resident"
"589",5,0.308322758955661,"Disagree Non-resident"
"590",7,0.177115804786894,"Disagree Non-resident"
"591",8,0.27681332998395,"Disagree Resident"
"592",7,0.25878548442574,"Disagree Non-resident"
"593",6,0.183474768198076,"Disagree Resident"
"594",8,0.244192325769915,"Agree Resident"
"595",3,0.32344159329265,"Agree Non-resident"
"596",4,0.367918496951318,"Agree Non-resident"
"597",7,0.305014000463725,"Disagree Non-resident"
"598",9,0.18196811682781,"Disagree Resident"
"599",1,0.189055178678287,"Disagree Non-resident"
"600",9,0.379547723285605,"Agree Resident"
"601",9,0.405084447978627,"Disagree Resident"
"602",7,0.233688130953389,"Disagree Resident"
"603",7,0.33741381202813,"Disagree Non-resident"
"604",7,0.224003209841339,"Disagree Non-resident"
"605",4,0.393550527253771,"Agree Non-resident"
"606",8,0.303217278719004,"Disagree Resident"
"607",4,0.499308973096907,"Agree Resident"
"608",7,0.244657673522053,"Disagree Resident"
"609",4,0.426580111689306,"Agree Resident"
"610",7,0.504467624012348,"Disagree Non-resident"
"611",8,0.382617819027086,"Disagree Resident"
"612",5,0.219942856836584,"Disagree Non-resident"
"613",4,0.271796691261154,"Agree Non-resident"
"614",4,0.253302562484873,"Disagree Non-resident"
"615",7,0.332280712827203,"Disagree Non-resident"
"616",8,0.388048125532349,"Disagree Non-resident"
"617",9,0.413074982887077,"Disagree Resident"
"618",5,0.226741335948181,"Agree Resident"
"619",3,0.327946865634626,"Agree Non-resident"
"620",6,0.221429994909399,"Agree Non-resident"
"621",4,0.213958152958466,"Agree Non-resident"
"622",7,0.603383718372166,"Disagree Non-resident"
"623",8,0.167251816546602,"Disagree Non-resident"
"624",2,0.160075177219087,"Agree Resident"
"625",7,0.439020359638064,"Disagree Resident"
"626",2,0.240601663873331,"Disagree Non-resident"
"627",3,0.203306784179951,"Agree Non-resident"
"628",4,0.426445290934431,"Agree Resident"
"629",7,0.370179326881724,"Disagree Non-resident"
"630",7,0.247822190870087,"Disagree Resident"
"631",2,0.318206101893256,"Disagree Resident"
"632",4,0.383707947419617,"Agree Resident"
"633",4,0.304660925682258,"Agree Resident"
"634",9,0.30815764433788,"Agree Resident"
"635",9,0.293393653410419,"Disagree Non-resident"
"636",6,0.318832712189347,"Disagree Resident"
"637",4,0.315479536380819,"Agree Non-resident"
"638",7,0.377665096726347,"Disagree Non-resident"
"639",9,0.334382699395633,"Agree Resident"
"640",8,0.248027412852085,"Disagree Resident"
"641",5,0.378234567945589,"Disagree Non-resident"
"642",3,0.240989688415764,"Agree Non-resident"
"643",7,0.205954209017868,"Agree Resident"
"644",6,0.318832712189347,"Disagree Resident"
"645",7,0.316654287052306,"Disagree Non-resident"
"646",3,0.435004165039023,"Agree Resident"
"647",8,0.220158348834122,"Disagree Resident"
"648",4,0.213958137311846,"Agree Non-resident"
"649",9,0.279702687470414,"Disagree Non-resident"
"650",8,0.462016774675519,"Agree Non-resident"
"651",7,0.337999092950677,"Disagree Resident"
"652",8,0.222578984562255,"Disagree Non-resident"
"653",4,0.37678291121338,"Agree Non-resident"
"654",9,0.238660968743304,"Disagree Resident"
"655",8,0.496170789284304,"Disagree Resident"
"656",4,0.558951802801204,"Agree Non-resident"
"657",4,0.340516578827842,"Agree Non-resident"
"658",9,0.177009727975999,"Disagree Resident"
"659",8,0.366780205273375,"Agree Resident"
"660",5,0.215274833693274,"Disagree Resident"
"661",6,0.263258259502043,"Agree Non-resident"
"662",7,0.279808909972778,"Disagree Resident"
"663",4,0.195674362255674,"Agree Non-resident"
"664",9,0.271648758204682,"Disagree Resident"
"665",4,0.442415064240019,"Agree Resident"
"666",7,0.177364470954441,"Agree Non-resident"
"667",9,0.324543740519454,"Disagree Resident"
"668",3,0.22610228508782,"Agree Resident"
"669",8,0.380746244894284,"Disagree Resident"
"670",4,0.220290082132803,"Agree Non-resident"
"671",2,0.133887009883668,"Agree Resident"
"672",8,0.266018650399982,"Agree Non-resident"
"673",8,0.290491091694458,"Disagree Resident"
"674",4,0.209274770751929,"Disagree Resident"
"675",4,0.327292296379575,"Agree Non-resident"
"676",6,0.183474768198076,"Disagree Resident"
"677",4,0.600213687618658,"Agree Non-resident"
"678",8,0.451373475494385,"Disagree Resident"
"679",8,0.34753425619123,"Disagree Non-resident"
"680",7,0.22400458423713,"Disagree Non-resident"
"681",4,0.329433853232218,"Agree Resident"
"682",8,0.218937217917371,"Agree Non-resident"
"683",4,0.195615009108727,"Agree Resident"
"684",4,0.383980873511439,"Agree Non-resident"
"685",9,0.267484328851818,"Agree Non-resident"
"686",2,0.195179688205626,"Disagree Resident"
"687",7,0.413905862131237,"Disagree Non-resident"
"688",6,0.159142575401098,"Disagree Resident"
"689",7,0.450904500610054,"Disagree Non-resident"
"690",4,0.196373598027225,"Agree Non-resident"
"691",7,0.241585548071855,"Disagree Non-resident"
"692",8,0.144938402926076,"Disagree Resident"
"693",4,0.378985701680267,"Agree Non-resident"
"694",5,0.194926321613144,"Disagree Resident"
"695",4,0.264599937646552,"Agree Non-resident"
"696",7,0.49460652643227,"Disagree Non-resident"
"697",4,0.222282634941051,"Agree Non-resident"
"698",4,0.372580213749892,"Agree Resident"
"699",7,0.25693483480239,"Disagree Resident"
"700",5,0.210839031246644,"Agree Non-resident"
"701",8,0.36233599560368,"Disagree Resident"
"702",7,0.409956783320906,"Disagree Resident"
"703",5,0.345569401598881,"Disagree Non-resident"
"704",2,0.398466568147627,"Disagree Resident"
"705",9,0.267663251107969,"Disagree Resident"
"706",7,0.649267271056182,"Disagree Non-resident"
"707",7,0.229143156518233,"Agree Non-resident"
"708",3,0.347130749275311,"Agree Resident"
"709",9,0.315506944220122,"Disagree Non-resident"
"710",4,0.384714549171221,"Agree Non-resident"
"711",9,0.546797377764244,"Disagree Resident"
"712",8,0.167693394097169,"Agree Non-resident"
"713",6,0.282414177097592,"Disagree Resident"
"714",8,0.355472301747688,"Disagree Resident"
"715",5,0.364917728662126,"Disagree Non-resident"
"716",8,0.219676567044438,"Disagree Resident"
"717",7,0.234569368049808,"Agree Non-resident"
"718",8,0.384735660961671,"Agree Resident"
"719",8,0.427489501336382,"Agree Resident"
"720",8,0.300832508796612,"Agree Resident"
"721",3,0.315004167741823,"Agree Non-resident"
"722",9,0.334909330959519,"Disagree Non-resident"
"723",8,0.240285298256291,"Agree Non-resident"
"724",4,0.222865432990295,"Agree Non-resident"
"725",9,0.378927181691621,"Disagree Non-resident"
"726",2,0.215920644677962,"Agree Resident"
"727",4,0.415502622451786,"Agree Non-resident"
"728",2,0.297051279980432,"Disagree Resident"
"729",9,0.479489957859515,"Agree Resident"
"730",4,0.348548805083623,"Agree Non-resident"
"731",9,0.307995948732166,"Agree Resident"
"732",7,0.440615733098424,"Disagree Resident"
"733",3,0.288732224440611,"Agree Non-resident"
"734",7,0.321001342769222,"Disagree Non-resident"
"735",9,0.294220892622654,"Disagree Non-resident"
"736",8,0.193319102092534,"Disagree Resident"
"737",7,0.268259180633262,"Disagree Non-resident"
"738",7,0.607447164470515,"Disagree Non-resident"
"739",5,0.280051215335977,"Disagree Non-resident"
"740",9,0.373290957342394,"Agree Non-resident"
"741",8,0.26891387905331,"Disagree Non-resident"
"742",4,0.469949504761936,"Agree Non-resident"
"743",3,0.258582648798322,"Agree Non-resident"
"744",7,0.244794764861601,"Disagree Non-resident"
"745",9,0.202092009888071,"Agree Resident"
"746",4,0.304673186112003,"Agree Resident"
"747",1,0.175567413566553,"Agree Resident"
"748",7,0.440416852389554,"Disagree Non-resident"
"749",8,0.211300388111287,"Agree Non-resident"
"750",1,0.305346453360826,"Agree Resident"
"751",7,0.597561951323199,"Disagree Non-resident"
"752",8,0.165832443001666,"Disagree Resident"
"753",4,0.33508621371401,"Agree Resident"
"754",3,0.255724377290697,"Agree Non-resident"
"755",10,0.286591166282854,"Disagree Resident"
"756",7,0.211313276010016,"Disagree Resident"
"757",3,0.314145815419724,"Agree Non-resident"
"758",9,0.254553543792888,"Disagree Non-resident"
"759",2,0.187250332146054,"Agree Resident"
"760",8,0.288228323424082,"Disagree Resident"
"761",10,0.18188533198847,"Agree Resident"
"762",6,0.220036065366264,"Disagree Resident"
"763",4,0.140612949764016,"Agree Resident"
"764",9,0.380255348842179,"Agree Resident"
"765",4,0.416398429521164,"Agree Resident"
"766",2,0.215211795753691,"Agree Non-resident"
"767",4,0.286991826459446,"Agree Non-resident"
"768",4,0.331371578906232,"Agree Non-resident"
"769",4,0.317895285148826,"Agree Non-resident"
"770",7,0.26037946149842,"Disagree Resident"
"771",4,0.402008721593793,"Agree Non-resident"
"772",6,0.25003326245094,"Disagree Resident"
"773",7,0.530046155292615,"Disagree Non-resident"
"774",4,0.173374717093202,"Agree Non-resident"
"775",8,0.226815186480047,"Agree Resident"
"776",5,0.406068330895691,"Disagree Resident"
"777",8,0.250495157894021,"Agree Non-resident"
"778",5,0.368806840829582,"Disagree Non-resident"
"779",5,0.169555712739218,"Disagree Non-resident"
"780",3,0.307425688993772,"Agree Resident"
"781",4,0.41377744689296,"Agree Non-resident"
"782",8,0.279803906129941,"Disagree Non-resident"
"783",7,0.234368520982863,"Disagree Resident"
"784",9,0.304144956558815,"Disagree Resident"
"785",8,0.311982590819288,"Disagree Resident"
"786",8,0.271151997973132,"Disagree Resident"
"787",6,0.217278721670092,"Agree Resident"
"788",7,0.211694590866017,"Disagree Resident"
"789",7,0.341506519058194,"Disagree Resident"
"790",2,0.458080314234532,"Disagree Non-resident"
"791",8,0.255002876383199,"Disagree Non-resident"
"792",4,0.325301177833688,"Agree Non-resident"
"793",7,0.252252888229778,"Disagree Non-resident"
"794",9,0.310157633792687,"Agree Resident"
"795",7,0.297090439815173,"Disagree Resident"
"796",7,0.22361191452949,"Disagree Non-resident"
"797",8,0.339487406526321,"Disagree Resident"
"798",8,0.528297849122453,"Disagree Resident"
"799",2,0.297439485673873,"Disagree Non-resident"
"800",10,0.166328526685293,"Agree Resident"
"801",4,0.381251463510196,"Agree Non-resident"
"802",4,0.306683798733447,"Agree Non-resident"
"803",4,0.326825556887959,"Agree Non-resident"
"804",2,0.340276392511625,"Agree Non-resident"
"805",6,0.183474768198076,"Disagree Resident"
"806",8,0.288277451404075,"Disagree Resident"
"807",4,0.180520322873197,"Agree Non-resident"
"808",4,0.319150250851013,"Agree Non-resident"
"809",4,0.21390279369829,"Agree Resident"
"810",8,0.198681183018773,"Disagree Resident"
"811",7,0.155324672490165,"Agree Resident"
"812",9,0.592298099794378,"Disagree Resident"
"813",1,0.174783735634878,"Agree Resident"
"814",4,0.254710556251654,"Agree Resident"
"815",9,0.261541581255078,"Disagree Resident"
"816",5,0.248438600600173,"Disagree Non-resident"
"817",4,0.223264581890281,"Agree Resident"
"818",4,0.603396097180956,"Agree Non-resident"
"819",8,0.311336923142728,"Agree Non-resident"
"820",10,0.239835988297077,"Agree Resident"
"821",6,0.295934822297493,"Disagree Resident"
"822",7,0.325258294176259,"Agree Non-resident"
"823",4,0.31119431896224,"Agree Resident"
"824",1,0.191774442775003,"Agree Resident"
"825",4,0.363601237722215,"Agree Resident"
"826",2,0.222008628095422,"Agree Resident"
"827",7,0.610993084873858,"Disagree Non-resident"
"828",4,0.174190973499363,"Agree Non-resident"
"829",8,0.203139490899038,"Disagree Resident"
"830",7,0.359973147118816,"Disagree Resident"
"831",7,0.257990330327491,"Disagree Resident"
"832",4,0.406983984331869,"Agree Non-resident"
"833",6,0.183474768198076,"Disagree Resident"
"834",6,0.277891082364444,"Agree Non-resident"
"835",7,0.489699327736911,"Disagree Non-resident"
"836",1,0.242005491510538,"Disagree Resident"
"837",4,0.189122810382891,"Agree Non-resident"
"838",8,0.23123386320426,"Disagree Resident"
"839",7,0.211421910351694,"Agree Non-resident"
"840",8,0.184576265330561,"Disagree Resident"
"841",2,0.248454818334938,"Agree Non-resident"
"842",9,0.286085575284524,"Agree Non-resident"
"843",2,0.249774333068814,"Agree Non-resident"
"844",4,0.314069071718591,"Disagree Resident"
"845",4,0.311211892681543,"Agree Resident"
"846",2,0.175316995219655,"Disagree Non-resident"
"847",4,0.311948892052959,"Agree Non-resident"
"848",2,0.348123835714445,"Agree Non-resident"
"849",2,0.162422573875481,"Agree Non-resident"
"850",8,0.360488193401206,"Disagree Resident"
"851",8,0.299737545534388,"Agree Non-resident"
"852",9,0.312536702284654,"Agree Non-resident"
"853",3,0.261665416502468,"Agree Resident"
"854",9,0.441525720406364,"Disagree Resident"
"855",9,0.233329373874162,"Disagree Resident"
"856",1,0.432179665981119,"Agree Non-resident"
"857",10,0.166328526685293,"Agree Resident"
"858",8,0.230019468440414,"Disagree Resident"
"859",8,0.316884775621271,"Agree Non-resident"
"860",5,0.364131190918147,"Disagree Non-resident"
"861",8,0.165923730798433,"Agree Non-resident"
"862",9,0.258436773157488,"Disagree Resident"
"863",9,0.342553236218048,"Disagree Resident"
"864",5,0.213346881902292,"Agree Non-resident"
"865",9,0.399657509232455,"Disagree Resident"
"866",8,0.219391341696564,"Disagree Resident"
"867",8,0.178170252389547,"Disagree Non-resident"
"868",8,0.247268516947692,"Agree Resident"
"869",4,0.199724239440049,"Agree Non-resident"
"870",4,0.17694709622416,"Agree Non-resident"
"871",2,0.261530495098513,"Agree Resident"
"872",8,0.303032676571124,"Disagree Resident"
"873",5,0.311255921602487,"Disagree Resident"
"874",8,0.275697737082296,"Agree Resident"
"875",7,0.46050822112271,"Disagree Non-resident"
"876",5,0.403165244406947,"Disagree Non-resident"
"877",9,0.435798732861325,"Disagree Non-resident"
"878",3,0.25958924898846,"Disagree Resident"
"879",7,0.388429931518949,"Disagree Non-resident"
"880",4,0.561978409109027,"Agree Non-resident"
"881",10,0.270990032338175,"Disagree Resident"
"882",10,0.261019810667719,"Disagree Resident"
"883",3,0.259445030192656,"Agree Non-resident"
"884",5,0.255500270418169,"Disagree Non-resident"
"885",5,0.381611386328269,"Disagree Non-resident"
"886",7,0.40966454176425,"Disagree Non-resident"
"887",5,0.316466409208248,"Disagree Non-resident"
"888",8,0.303514592796756,"Agree Resident"
"889",9,0.320601997726853,"Agree Non-resident"
"890",8,0.331818581281955,"Disagree Non-resident"
"891",3,0.375249205082779,"Agree Non-resident"
"892",7,0.297397699255766,"Disagree Non-resident"
"893",9,0.379211571288248,"Disagree Non-resident"
"894",4,0.213958120250465,"Agree Non-resident"
"895",7,0.439466917917812,"Disagree Resident"
"896",4,0.153789995265328,"Agree Non-resident"
"897",8,0.370855337196158,"Disagree Non-resident"
"898",8,0.246924868221753,"Disagree Non-resident"
"899",7,0.408280963201346,"Disagree Non-resident"
"900",8,0.209645509829695,"Agree Resident"
"901",9,0.221608886003255,"Disagree Non-resident"
"902",7,0.257207994312745,"Agree Non-resident"
"903",4,0.383980766697175,"Agree Non-resident"
"904",1,0.194930259868793,"Disagree Non-resident"
"905",7,0.19076646841225,"Disagree Resident"
"906",1,0.175567483380439,"Agree Resident"
"907",3,0.259443948003999,"Agree Non-resident"
"908",4,0.350401860908007,"Agree Resident"
"909",3,0.477252059651008,"Agree Non-resident"
"910",4,0.209934178316462,"Agree Resident"
"911",4,0.35746408010114,"Agree Non-resident"
"912",9,0.278072086087157,"Agree Resident"
"913",7,0.243962041107026,"Disagree Resident"
"914",4,0.383980873511439,"Agree Non-resident"
"915",1,0.266539787562284,"Agree Non-resident"
"916",4,0.343169978293835,"Agree Resident"
"917",8,0.220636974767518,"Agree Resident"
"918",3,0.438257884034819,"Agree Resident"
"919",6,0.19010117590767,"Agree Resident"
"920",4,0.355605278081148,"Agree Resident"
"921",8,0.303791352631522,"Disagree Resident"
"922",8,0.329743219814461,"Disagree Resident"
"923",3,0.279095455069678,"Agree Non-resident"
"924",4,0.604526630611689,"Agree Non-resident"
"925",5,0.247331154409928,"Disagree Non-resident"
"926",2,0.22604916019957,"Disagree Resident"
"927",8,0.255604415107486,"Disagree Non-resident"
"928",1,0.175567483390574,"Agree Resident"
"929",4,0.405124051204042,"Agree Non-resident"
"930",4,0.23827064945669,"Agree Resident"
"931",2,0.167575856690534,"Agree Resident"
"932",4,0.38398088780849,"Agree Non-resident"
"933",5,0.42779437277915,"Disagree Non-resident"
"934",10,0.219550335285929,"Disagree Resident"
"935",8,0.256180040021454,"Disagree Non-resident"
"936",3,0.38724074284431,"Agree Non-resident"
"937",5,0.336060731798021,"Agree Non-resident"
"938",6,0.206511371204247,"Agree Non-resident"
"939",8,0.351518165875446,"Agree Resident"
"940",4,0.456254917256527,"Agree Non-resident"
"941",4,0.363084470811734,"Agree Non-resident"
"942",7,0.322294215452448,"Disagree Non-resident"
"943",7,0.386339579290461,"Disagree Non-resident"
"944",4,0.174191931730975,"Disagree Non-resident"
"945",7,0.253624260558394,"Disagree Resident"
"946",5,0.288375323311621,"Disagree Non-resident"
"947",7,0.440505872804492,"Disagree Non-resident"
"948",5,0.375585508657717,"Disagree Non-resident"
"949",8,0.512454093220416,"Disagree Non-resident"
"950",4,0.349413229700855,"Agree Non-resident"
"951",9,0.304701703789598,"Agree Non-resident"
"952",9,0.145590159930156,"Disagree Resident"
"953",8,0.278804738983239,"Disagree Non-resident"
"954",8,0.264670525780153,"Disagree Resident"
"955",4,0.157773288322615,"Agree Resident"
"956",5,0.310048834669501,"Disagree Non-resident"
"957",4,0.385652543047976,"Agree Resident"
"958",3,0.28261728569377,"Agree Non-resident"
"959",9,0.493143911915123,"Disagree Non-resident"
"960",4,0.228648810724253,"Disagree Non-resident"
"961",7,0.258310140700278,"Agree Non-resident"
"962",4,0.285496040032899,"Disagree Non-resident"
"963",9,0.419556980933716,"Disagree Non-resident"
"964",3,0.375249205082779,"Agree Non-resident"
"965",4,0.312282494841867,"Agree Resident"
"966",9,0.407075983831841,"Agree Resident"
"967",5,0.364131190918147,"Disagree Non-resident"
"968",5,0.209433142620952,"Disagree Non-resident"
"969",3,0.219341190743286,"Agree Resident"
"970",7,0.345593051182777,"Disagree Non-resident"
"971",8,0.235825330620292,"Disagree Resident"
"972",7,0.258435107209628,"Disagree Non-resident"
"973",7,0.224003228191658,"Disagree Non-resident"
"974",5,0.234777780032714,"Disagree Non-resident"
"975",9,0.280634062741907,"Disagree Resident"
"976",8,0.258106294477448,"Agree Resident"
"977",3,0.293711595807804,"Agree Non-resident"
"978",4,0.314978107272256,"Agree Non-resident"
"979",7,0.237509784772907,"Disagree Resident"
"980",7,0.408519155472448,"Disagree Non-resident"
"981",8,0.282988477961473,"Agree Resident"
"982",9,0.301999835747972,"Disagree Non-resident"
"983",4,0.363084470811734,"Agree Non-resident"
"984",4,0.248635814983708,"Agree Resident"
"985",6,0.183474768198076,"Disagree Resident"
"986",8,0.217953899129411,"Disagree Resident"
"987",2,0.208774122099234,"Agree Resident"
"988",7,0.423197500480269,"Disagree Non-resident"
"989",7,0.279068886947455,"Disagree Non-resident"
"990",9,0.328804211263898,"Agree Resident"
"991",3,0.165854128795729,"Agree Resident"
"992",6,0.318832712189347,"Disagree Resident"
"993",7,0.280554777291354,"Disagree Resident"
"994",7,0.408519155472448,"Disagree Non-resident"
"995",4,0.213958137311846,"Agree Non-resident"
"996",9,0.47989166270064,"Agree Resident"
"997",3,0.259445030192656,"Agree Non-resident"
"998",9,0.177306076598068,"Disagree Resident"
"999",7,0.458590085806488,"Disagree Resident"
"1000",9,0.477799178200515,"Disagree Resident"
"1001",9,0.385107592522603,"Disagree Resident"
"1002",7,0.396888241212329,"Disagree Non-resident"
"1003",8,0.398459219186028,"Disagree Resident"
"1004",4,0.511265377179363,"Agree Non-resident"
"1005",2,0.253856657948362,"Disagree Non-resident"
"1006",4,0.213958120250465,"Agree Non-resident"
"1007",7,0.191874527343357,"Agree Resident"
"1008",7,0.224003209841339,"Disagree Non-resident"
"1009",7,0.184597854470747,"Disagree Non-resident"
"1010",3,0.222169891156868,"Agree Non-resident"
"1011",8,0.289096778041366,"Agree Resident"
"1012",7,0.21328936952471,"Disagree Non-resident"
"1013",4,0.187143072408466,"Agree Non-resident"
"1014",8,0.251282483682073,"Agree Resident"
"1015",9,0.267789174872043,"Disagree Resident"
"1016",9,0.322447144410639,"Disagree Non-resident"
"1017",9,0.304672567328696,"Agree Non-resident"
"1018",2,0.161219590118924,"Disagree Resident"
"1019",7,0.568132775931737,"Disagree Non-resident"
"1020",4,0.365002516921746,"Agree Non-resident"
"1021",3,0.271203118748573,"Agree Non-resident"
"1022",7,0.271175618973532,"Disagree Resident"
"1023",10,0.223097171165531,"Agree Resident"
"1024",7,0.344905449501549,"Disagree Resident"
"1025",9,0.227211175746898,"Agree Non-resident"
"1026",4,0.213958120250465,"Agree Non-resident"
"1027",7,0.230120054970565,"Disagree Resident"
"1028",4,0.409598623890932,"Agree Non-resident"
"1029",7,0.370000615317724,"Disagree Resident"
"1030",8,0.212289882953366,"Disagree Resident"
"1031",6,0.268380363662968,"Agree Resident"
"1032",8,0.257629291493875,"Disagree Resident"
"1033",7,0.314381564998174,"Disagree Non-resident"
"1034",2,0.221152991891833,"Disagree Non-resident"
"1035",9,0.294650974744336,"Agree Non-resident"
"1036",9,0.349746026502098,"Agree Resident"
"1037",8,0.240569785698117,"Disagree Resident"
"1038",9,0.275759292815504,"Agree Resident"
"1039",7,0.221115508863417,"Disagree Non-resident"
"1040",4,0.325707598785548,"Agree Non-resident"
"1041",2,0.246689920023109,"Disagree Resident"
"1042",9,0.326254871482202,"Disagree Non-resident"
"1043",4,0.321960393949287,"Agree Non-resident"
"1044",7,0.196814756249185,"Disagree Non-resident"
"1045",7,0.224003209841339,"Disagree Non-resident"
"1046",9,0.295643257673536,"Agree Non-resident"
"1047",10,0.292254475024199,"Disagree Non-resident"
"1048",8,0.236313855951296,"Disagree Resident"
"1049",7,0.415983504026425,"Disagree Non-resident"
"1050",7,0.397008851512197,"Disagree Non-resident"
"1051",3,0.33026792879412,"Agree Resident"
"1052",2,0.175495292101221,"Agree Non-resident"
"1053",8,0.233363573651529,"Disagree Resident"
"1054",7,0.346779703917394,"Agree Non-resident"
"1055",4,0.252882151042605,"Disagree Non-resident"
"1056",8,0.291558529925611,"Agree Resident"
"1057",4,0.287547436584849,"Agree Non-resident"
"1058",8,0.387550732964805,"Disagree Non-resident"
"1059",8,0.272737695079117,"Agree Resident"
"1060",8,0.3397127124673,"Agree Resident"
"1061",4,0.246858260105151,"Agree Non-resident"
"1062",2,0.17465529431849,"Disagree Resident"
"1063",8,0.282418856481993,"Disagree Resident"
"1064",4,0.181529416355098,"Agree Non-resident"
"1065",7,0.41659082350465,"Disagree Non-resident"
"1066",5,0.237962126173856,"Disagree Resident"
"1067",8,0.321400817644696,"Agree Resident"
"1068",4,0.199757269684263,"Agree Non-resident"
"1069",3,0.259445038559356,"Agree Non-resident"
"1070",7,0.504333268242293,"Disagree Non-resident"
"1071",5,0.50282488490083,"Disagree Non-resident"
"1072",4,0.176946921474169,"Agree Non-resident"
"1073",3,0.273473143220234,"Agree Resident"
"1074",3,0.259445030192656,"Agree Non-resident"
"1075",9,0.362247677450596,"Agree Non-resident"
"1076",7,0.181371902013668,"Disagree Non-resident"
"1077",9,0.286272506905192,"Agree Resident"
"1078",7,0.343694551836656,"Disagree Non-resident"
"1079",7,0.423380152104801,"Disagree Non-resident"
"1080",7,0.239510739719796,"Disagree Non-resident"
"1081",7,0.383733977856162,"Disagree Resident"
"1082",7,0.358584424713015,"Disagree Non-resident"
"1083",7,0.382404617478676,"Disagree Non-resident"
"1084",2,0.304829158345601,"Disagree Non-resident"
"1085",7,0.202796378520208,"Disagree Non-resident"
"1086",7,0.408519155472448,"Disagree Non-resident"
"1087",4,0.273890292592547,"Agree Non-resident"
"1088",7,0.229704198270565,"Disagree Non-resident"
"1089",4,0.224197357293273,"Agree Resident"
"1090",4,0.36485647661828,"Agree Non-resident"
"1091",4,0.233343309836835,"Agree Resident"
"1092",4,0.218362656548388,"Agree Non-resident"
"1093",8,0.214300112318527,"Agree Non-resident"
"1094",3,0.322930225612439,"Agree Resident"
"1095",8,0.331080139789922,"Disagree Resident"
"1096",7,0.38343175431819,"Disagree Resident"
"1097",4,0.290464878941886,"Agree Non-resident"
"1098",7,0.50629674906572,"Disagree Non-resident"
"1099",5,0.364760498849369,"Disagree Non-resident"
"1100",4,0.196172304002731,"Agree Non-resident"
"1101",7,0.343430850499014,"Disagree Non-resident"
"1102",7,0.271167124128467,"Disagree Resident"
"1103",3,0.236509094214316,"Agree Resident"
"1104",4,0.313643389280538,"Agree Non-resident"
"1105",3,0.260144452530651,"Agree Resident"
"1106",5,0.408194762073969,"Disagree Non-resident"
"1107",9,0.233329373874162,"Disagree Resident"
"1108",8,0.244801958527106,"Disagree Resident"
"1109",3,0.259349299183359,"Agree Resident"
"1110",5,0.172393605176218,"Disagree Resident"
"1111",4,0.280455374243455,"Agree Non-resident"
"1112",9,0.280051943090273,"Disagree Resident"
"1113",4,0.220393189736087,"Agree Non-resident"
"1114",7,0.49442815209706,"Disagree Non-resident"
"1115",9,0.476697939041636,"Disagree Non-resident"
"1116",1,0.494279434499244,"Agree Resident"
"1117",6,0.171802655013249,"Disagree Resident"
"1118",7,0.402898479949966,"Disagree Non-resident"
"1119",4,0.31921661211592,"Agree Non-resident"
"1120",7,0.432018769627294,"Disagree Non-resident"
"1121",6,0.185486221153241,"Disagree Resident"
"1122",4,0.383980888128387,"Agree Non-resident"
"1123",6,0.203000349000984,"Disagree Resident"
"1124",7,0.271208544320548,"Disagree Resident"
"1125",8,0.22053697740644,"Agree Resident"
"1126",4,0.446469385718069,"Agree Non-resident"
"1127",2,0.16808614586468,"Agree Resident"
"1128",7,0.271167124128467,"Disagree Resident"
"1129",9,0.171549149377121,"Disagree Non-resident"
"1130",4,0.409530385504127,"Agree Non-resident"
"1131",4,0.239035618936901,"Agree Resident"
"1132",5,0.152514841324831,"Disagree Resident"
"1133",4,0.561978848357925,"Agree Non-resident"
"1134",2,0.22284393416112,"Agree Non-resident"
"1135",9,0.308949091541535,"Disagree Non-resident"
"1136",7,0.23951075952239,"Disagree Non-resident"
"1137",6,0.241267819218563,"Disagree Non-resident"
"1138",5,0.248025309203215,"Disagree Resident"
"1139",4,0.258684693049001,"Agree Non-resident"
"1140",5,0.448982191247706,"Disagree Non-resident"
"1141",4,0.244603555266062,"Agree Non-resident"
"1142",3,0.231093361936762,"Agree Non-resident"
"1143",5,0.175694134152009,"Agree Non-resident"
"1144",4,0.424845920550379,"Agree Non-resident"
"1145",4,0.382044141851022,"Agree Non-resident"
"1146",4,0.355312152138793,"Agree Resident"
"1147",4,0.470825152971745,"Agree Non-resident"
"1148",4,0.350744228562926,"Agree Resident"
"1149",4,0.276536280580838,"Agree Non-resident"
"1150",7,0.605807363582197,"Disagree Non-resident"
"1151",9,0.387486111663292,"Disagree Resident"
"1152",5,0.190058583010425,"Agree Non-resident"
"1153",6,0.332565829893668,"Agree Resident"
"1154",4,0.25395936404885,"Agree Non-resident"
"1155",8,0.319742312557852,"Agree Resident"
"1156",8,0.396940591957006,"Disagree Resident"
"1157",3,0.37546616282211,"Agree Resident"
"1158",7,0.239398668647799,"Disagree Non-resident"
"1159",9,0.410717551985788,"Disagree Resident"
"1160",7,0.155324672490165,"Agree Resident"
"1161",9,0.230711830866752,"Disagree Resident"
"1162",4,0.459952972510403,"Agree Non-resident"
"1163",7,0.215624009047364,"Agree Non-resident"
"1164",3,0.286553942902662,"Agree Non-resident"
"1165",4,0.3935863778812,"Agree Non-resident"
"1166",8,0.184002278306874,"Agree Non-resident"
"1167",8,0.210203407493968,"Disagree Resident"
"1168",7,0.436705722538236,"Disagree Non-resident"
"1169",9,0.283232272018079,"Disagree Non-resident"
"1170",9,0.259563357024504,"Disagree Resident"
"1171",3,0.235079687008132,"Agree Resident"
"1172",9,0.277344213165863,"Disagree Resident"
"1173",4,0.411941746290356,"Agree Non-resident"
"1174",9,0.280521772681036,"Disagree Resident"
"1175",1,0.182622569107897,"Disagree Resident"
"1176",4,0.610465630028266,"Agree Non-resident"
"1177",7,0.504431456734139,"Disagree Non-resident"
"1178",8,0.480951428318114,"Disagree Resident"
"1179",8,0.181062544172819,"Disagree Resident"
"1180",4,0.197619754199544,"Disagree Non-resident"
"1181",7,0.273178075279993,"Disagree Resident"
"1182",7,0.224003209841339,"Disagree Non-resident"
"1183",9,0.266761285280331,"Agree Resident"
"1184",4,0.208765422366604,"Agree Resident"
"1185",4,0.485353074418377,"Agree Non-resident"
"1186",9,0.221383898056845,"Disagree Non-resident"
"1187",7,0.549366506180399,"Disagree Non-resident"
"1188",4,0.297154982925671,"Agree Non-resident"
"1189",6,0.183474768198075,"Disagree Resident"
"1190",10,0.174195286183003,"Disagree Resident"
"1191",8,0.282489652042102,"Disagree Resident"
"1192",4,0.232572112643434,"Disagree Resident"
"1193",7,0.281129629103531,"Disagree Resident"
"1194",9,0.273731859032334,"Agree Resident"
"1195",4,0.305800589576437,"Agree Resident"
"1196",3,0.210854398524784,"Agree Resident"
"1197",4,0.169204201423059,"Disagree Non-resident"
"1198",4,0.348872389208201,"Agree Non-resident"
"1199",4,0.226130914058948,"Agree Non-resident"
"1200",8,0.49630137089074,"Disagree Non-resident"
"1201",2,0.197883712466491,"Disagree Resident"
"1202",4,0.233728261406412,"Agree Non-resident"
"1203",7,0.347292272590992,"Disagree Non-resident"
"1204",8,0.330616615473872,"Agree Non-resident"
"1205",8,0.38818028575804,"Agree Non-resident"
"1206",7,0.401827984018866,"Disagree Non-resident"
"1207",4,0.558210543001577,"Agree Non-resident"
"1208",8,0.332266004425667,"Agree Non-resident"
"1209",3,0.307517595818617,"Agree Resident"
"1210",8,0.197829069690061,"Disagree Non-resident"
"1211",7,0.489027967333193,"Disagree Non-resident"
"1212",7,0.440579032845988,"Disagree Non-resident"
"1213",5,0.608280669119146,"Disagree Non-resident"
"1214",8,0.228530417689715,"Disagree Resident"
"1215",4,0.206187377947534,"Agree Non-resident"
"1216",8,0.239864700648648,"Agree Non-resident"
"1217",4,0.304673169138216,"Agree Resident"
"1218",3,0.225153484028134,"Agree Non-resident"
"1219",4,0.199759141736626,"Agree Non-resident"
"1220",8,0.195081479787917,"Agree Non-resident"
"1221",7,0.32807073651302,"Disagree Non-resident"
"1222",5,0.242932931529564,"Disagree Non-resident"
"1223",7,0.407406231328257,"Disagree Non-resident"
"1224",4,0.520520562252033,"Agree Non-resident"
"1225",4,0.213959452822961,"Agree Non-resident"
"1226",4,0.243453636292188,"Agree Non-resident"
"1227",4,0.42429649739665,"Agree Non-resident"
"1228",8,0.219007304384451,"Disagree Resident"
"1229",7,0.282214073659199,"Disagree Non-resident"
"1230",3,0.228761021677468,"Agree Non-resident"
"1231",9,0.21897586344002,"Agree Resident"
"1232",2,0.225358415210312,"Agree Non-resident"
"1233",7,0.419756863729522,"Disagree Non-resident"
"1234",4,0.416755098499047,"Agree Non-resident"
"1235",9,0.330026122192043,"Disagree Resident"
"1236",6,0.18531707702814,"Disagree Resident"
"1237",7,0.274861006174296,"Disagree Non-resident"
"1238",4,0.275620832616571,"Agree Resident"
"1239",4,0.36769637190105,"Agree Non-resident"
"1240",3,0.203325825164022,"Agree Resident"
"1241",10,0.377002895607206,"Agree Resident"
"1242",3,0.288641874358771,"Agree Non-resident"
"1243",7,0.443696826283155,"Disagree Non-resident"
"1244",8,0.208964052068616,"Disagree Resident"
"1245",7,0.225316488966005,"Disagree Non-resident"
"1246",7,0.274038295149001,"Disagree Resident"
"1247",4,0.173357464210175,"Agree Non-resident"
"1248",8,0.585228715231445,"Agree Resident"
"1249",9,0.26297796516297,"Agree Non-resident"
"1250",5,0.35943919779826,"Disagree Resident"
"1251",8,0.288198194580054,"Disagree Resident"
"1252",4,0.263982397468739,"Agree Non-resident"
"1253",5,0.32594825294931,"Disagree Non-resident"
"1254",8,0.24697049426681,"Disagree Resident"
"1255",7,0.322294215452448,"Disagree Non-resident"
"1256",7,0.249212014114846,"Disagree Non-resident"
"1257",3,0.25653843561196,"Agree Resident"
"1258",7,0.408280963201346,"Disagree Non-resident"
"1259",8,0.298400416153523,"Disagree Resident"
"1260",7,0.218897578100008,"Agree Non-resident"
"1261",7,0.395703391642375,"Disagree Non-resident"
"1262",4,0.355420112269213,"Agree Non-resident"
"1263",2,0.193416510392588,"Disagree Resident"
"1264",8,0.32724585444886,"Agree Resident"
"1265",7,0.548015215798739,"Disagree Non-resident"
"1266",4,0.411254733013529,"Agree Non-resident"
"1267",8,0.238926523972188,"Agree Resident"
"1268",9,0.304698799104133,"Disagree Resident"
"1269",1,0.2348725044408,"Agree Non-resident"
"1270",4,0.263372350263214,"Disagree Non-resident"
"1271",6,0.271568235189261,"Disagree Resident"
"1272",3,0.184634603879101,"Disagree Resident"
"1273",8,0.144938402926076,"Disagree Resident"
"1274",4,0.252136254026711,"Agree Non-resident"
"1275",3,0.259445030192656,"Agree Non-resident"
"1276",9,0.243615175306397,"Disagree Non-resident"
"1277",8,0.312508469899852,"Agree Resident"
"1278",7,0.569150709590881,"Disagree Non-resident"
"1279",8,0.240042110033274,"Agree Resident"
"1280",9,0.275164363669489,"Agree Non-resident"
"1281",5,0.138706769473148,"Disagree Resident"
"1282",3,0.260144452530651,"Agree Resident"
"1283",4,0.181499319469459,"Agree Non-resident"
"1284",8,0.220473473252223,"Disagree Resident"
"1285",8,0.345288399849144,"Disagree Resident"
"1286",9,0.352897721899689,"Agree Non-resident"
"1287",8,0.464106483924703,"Disagree Resident"
"1288",7,0.271533107746899,"Disagree Resident"
"1289",2,0.421856982465668,"Disagree Resident"
"1290",4,0.38398088780849,"Agree Non-resident"
"1291",4,0.383980766697175,"Agree Non-resident"
"1292",6,0.203000349000984,"Disagree Resident"
"1293",9,0.201414576548182,"Disagree Resident"
"1294",8,0.216634153626853,"Agree Resident"
"1295",8,0.232517525238487,"Disagree Non-resident"
"1296",1,0.149748114275463,"Disagree Resident"
"1297",3,0.393983255787831,"Agree Non-resident"
"1298",7,0.311595243955065,"Disagree Non-resident"
"1299",3,0.259444885303222,"Agree Non-resident"
"1300",9,0.246671007509498,"Disagree Non-resident"
"1301",4,0.202507320617402,"Agree Non-resident"
"1302",7,0.282338381137295,"Disagree Resident"
"1303",4,0.382199376739579,"Agree Non-resident"
"1304",4,0.213958152958466,"Agree Non-resident"
"1305",8,0.26279703868456,"Disagree Non-resident"
"1306",3,0.232421849343865,"Agree Resident"
"1307",8,0.224126937486974,"Agree Non-resident"
"1308",9,0.250282728075995,"Agree Non-resident"
"1309",10,0.488835867654549,"Agree Resident"
"1310",4,0.213958120250465,"Agree Non-resident"
"1311",4,0.227226808809807,"Agree Non-resident"
"1312",9,0.145579277557489,"Disagree Resident"
"1313",4,0.38398088780849,"Agree Non-resident"
"1314",4,0.174688141722432,"Agree Resident"
"1315",7,0.36008193356233,"Disagree Non-resident"
"1316",9,0.476799139992576,"Disagree Non-resident"
"1317",7,0.418658352759173,"Disagree Non-resident"
"1318",4,0.314349414069804,"Agree Non-resident"
"1319",4,0.352931728654977,"Agree Resident"
"1320",3,0.259445030192656,"Agree Non-resident"
"1321",1,0.337230517654001,"Agree Resident"
"1322",4,0.218618648423664,"Agree Resident"
"1323",8,0.305214417273536,"Disagree Non-resident"
"1324",2,0.177626186468974,"Disagree Resident"
"1325",4,0.170956370631377,"Agree Non-resident"
"1326",3,0.259445030192656,"Agree Non-resident"
"1327",5,0.37803430303127,"Disagree Non-resident"
"1328",9,0.293437122049236,"Disagree Non-resident"
"1329",7,0.239605619103057,"Disagree Non-resident"
"1330",2,0.177002982394719,"Disagree Resident"
"1331",8,0.227449592692827,"Disagree Resident"
"1332",5,0.310048834669501,"Disagree Non-resident"
"1333",1,0.150252968350573,"Agree Resident"
"1334",7,0.276094940324124,"Disagree Non-resident"
"1335",4,0.40428061607911,"Agree Non-resident"
"1336",9,0.276315811773042,"Disagree Resident"
"1337",8,0.284748365957066,"Agree Non-resident"
"1338",3,0.271230519273482,"Agree Non-resident"
"1339",7,0.343037372534701,"Disagree Non-resident"
"1340",4,0.21703912789443,"Agree Resident"
"1341",7,0.222235015205951,"Disagree Non-resident"
"1342",7,0.246580441333266,"Disagree Non-resident"
"1343",8,0.299229779680924,"Agree Non-resident"
"1344",4,0.308373519430179,"Agree Non-resident"
"1345",4,0.295843161388916,"Agree Non-resident"
"1346",3,0.375249205082779,"Agree Non-resident"
"1347",6,0.302585851681004,"Disagree Non-resident"
"1348",3,0.259445030192656,"Agree Non-resident"
"1349",3,0.259445023986637,"Agree Non-resident"
"1350",3,0.327441832539266,"Agree Non-resident"
"1351",7,0.28305638202533,"Disagree Resident"
"1352",7,0.502584356706207,"Disagree Non-resident"
"1353",3,0.40426668619141,"Agree Resident"
"1354",9,0.387984559085898,"Agree Resident"
"1355",8,0.299357124485995,"Disagree Resident"
"1356",9,0.294087213531972,"Disagree Resident"
"1357",10,0.180514281165459,"Agree Non-resident"
"1358",9,0.283485619165888,"Disagree Resident"
"1359",4,0.285498393787894,"Agree Non-resident"
"1360",4,0.487609543012965,"Agree Non-resident"
"1361",5,0.172033791954414,"Disagree Non-resident"
"1362",7,0.279947678445808,"Disagree Non-resident"
"1363",8,0.378105358262262,"Agree Resident"
"1364",1,0.280301515277087,"Agree Non-resident"
"1365",9,0.338865284513669,"Disagree Non-resident"
"1366",9,0.321062101882084,"Agree Resident"
"1367",9,0.248469097962415,"Disagree Resident"
"1368",4,0.535559554269877,"Agree Non-resident"
"1369",2,0.194000160011176,"Disagree Resident"
"1370",4,0.183313659867023,"Agree Non-resident"
"1371",3,0.239312168053707,"Agree Non-resident"
"1372",7,0.51754963436622,"Disagree Non-resident"
"1373",3,0.259445038559356,"Agree Non-resident"
"1374",8,0.22250227643484,"Agree Non-resident"
"1375",5,0.454989295422929,"Disagree Non-resident"
"1376",4,0.383980766697175,"Agree Non-resident"
"1377",7,0.432717440485229,"Disagree Non-resident"
"1378",7,0.445461558640125,"Disagree Non-resident"
"1379",4,0.318494712676524,"Agree Non-resident"
"1380",4,0.37874333016921,"Agree Non-resident"
"1381",9,0.197540844515223,"Disagree Non-resident"
"1382",9,0.269333691748019,"Disagree Non-resident"
"1383",4,0.444690309288275,"Agree Resident"
"1384",7,0.397507420777641,"Disagree Non-resident"
"1385",9,0.568606801477932,"Disagree Resident"
"1386",10,0.424081036812696,"Disagree Resident"
"1387",7,0.31874559458426,"Disagree Non-resident"
"1388",7,0.223418953989776,"Disagree Non-resident"
"1389",3,0.188163952253079,"Agree Non-resident"
"1390",8,0.248627161304218,"Agree Resident"
"1391",9,0.344722487496916,"Agree Resident"
"1392",1,0.353259929843701,"Agree Non-resident"
"1393",8,0.247887787087585,"Disagree Resident"
"1394",4,0.213958120250465,"Agree Non-resident"
"1395",4,0.310785308623585,"Disagree Non-resident"
"1396",5,0.299094562747141,"Agree Non-resident"
"1397",7,0.489228168548725,"Disagree Non-resident"
"1398",8,0.531997401233003,"Agree Resident"
"1399",4,0.297461591969411,"Agree Resident"
"1400",4,0.213921493858797,"Agree Non-resident"
"1401",4,0.26688589051998,"Disagree Non-resident"
"1402",5,0.402988827087108,"Disagree Non-resident"
"1403",5,0.303720478592373,"Disagree Non-resident"
"1404",4,0.200997263621513,"Agree Non-resident"
"1405",8,0.335033960133264,"Disagree Resident"
"1406",3,0.245773812932616,"Agree Non-resident"
"1407",7,0.424378124415788,"Disagree Non-resident"
"1408",4,0.486069635875309,"Agree Non-resident"
"1409",4,0.19987169703753,"Agree Non-resident"
"1410",8,0.217711551156215,"Disagree Non-resident"
"1411",9,0.438857195955083,"Disagree Resident"
"1412",2,0.192391002626664,"Disagree Resident"
"1413",5,0.342716290070269,"Disagree Non-resident"
"1414",5,0.233755591306215,"Disagree Non-resident"
"1415",3,0.231025897294679,"Agree Non-resident"
"1416",8,0.389295051513141,"Disagree Resident"
"1417",5,0.31004655574277,"Disagree Non-resident"
"1418",4,0.293093035375713,"Agree Non-resident"
"1419",5,0.339788092244763,"Disagree Resident"
"1420",5,0.309740754787285,"Disagree Non-resident"
"1421",5,0.290195376672523,"Disagree Non-resident"
"1422",4,0.292310415235999,"Agree Resident"
"1423",4,0.436473394746292,"Agree Non-resident"
"1424",7,0.240784032783728,"Disagree Non-resident"
"1425",5,0.223925675665744,"Disagree Non-resident"
"1426",7,0.410596444834143,"Disagree Non-resident"
"1427",1,0.220385224219581,"Agree Non-resident"
"1428",9,0.269324365399808,"Agree Non-resident"
"1429",7,0.504297209286515,"Disagree Non-resident"
"1430",3,0.375248799346331,"Agree Non-resident"
"1431",4,0.210909716730445,"Agree Non-resident"
"1432",4,0.195615009108727,"Agree Resident"
"1433",9,0.237212027636542,"Disagree Non-resident"
"1434",9,0.232785399998058,"Agree Non-resident"
"1435",8,0.326941209341707,"Agree Resident"
"1436",1,0.294976888502602,"Disagree Resident"
"1437",7,0.332543217536348,"Disagree Non-resident"
"1438",9,0.378649291782183,"Disagree Resident"
"1439",4,0.397581603121448,"Agree Resident"
"1440",7,0.559497107807687,"Disagree Non-resident"
"1441",4,0.162179285914262,"Disagree Resident"
"1442",4,0.341599033399604,"Agree Non-resident"
"1443",4,0.191680914588241,"Agree Non-resident"
"1444",3,0.49639919927658,"Agree Resident"
"1445",3,0.249155606787014,"Agree Non-resident"
"1446",9,0.249141157566518,"Agree Resident"
"1447",3,0.19778578195225,"Agree Non-resident"
"1448",4,0.24727543396898,"Agree Non-resident"
"1449",4,0.352397849762467,"Agree Resident"
"1450",7,0.313265504733439,"Disagree Non-resident"
"1451",9,0.197972122865991,"Disagree Resident"
"1452",2,0.202239809137614,"Agree Resident"
"1453",4,0.324145004440993,"Disagree Non-resident"
"1454",7,0.317206222846443,"Disagree Non-resident"
"1455",3,0.260144452530651,"Agree Resident"
"1456",9,0.358545689856863,"Disagree Resident"
"1457",9,0.156654485358432,"Agree Non-resident"
"1458",5,0.446613954188852,"Disagree Non-resident"
"1459",3,0.308023435044932,"Agree Non-resident"
"1460",9,0.249825013157354,"Disagree Non-resident"
"1461",7,0.318693617786948,"Disagree Non-resident"
"1462",9,0.225013607496657,"Agree Non-resident"
"1463",7,0.298703192607576,"Disagree Non-resident"
"1464",8,0.354679676335136,"Disagree Resident"
"1465",4,0.358549435311112,"Disagree Resident"
"1466",4,0.313429021674827,"Agree Non-resident"
"1467",4,0.364853958816467,"Agree Non-resident"
"1468",8,0.242642446064591,"Agree Non-resident"
"1469",8,0.222539752119159,"Agree Non-resident"
"1470",3,0.240759234604453,"Agree Resident"
"1471",9,0.309104791977629,"Disagree Non-resident"
"1472",4,0.199724239440049,"Agree Non-resident"
"1473",4,0.270953792684654,"Agree Non-resident"
"1474",4,0.213487399864201,"Agree Non-resident"
"1475",1,0.257254799171629,"Agree Non-resident"
"1476",7,0.557148122377045,"Disagree Non-resident"
"1477",6,0.159260174664442,"Disagree Resident"
"1478",4,0.453712122195977,"Agree Non-resident"
"1479",4,0.383980888128387,"Agree Non-resident"
"1480",8,0.336296991650564,"Agree Resident"
"1481",8,0.310971239756389,"Disagree Resident"
"1482",9,0.31703252883064,"Agree Resident"
"1483",8,0.191892955800563,"Agree Non-resident"
"1484",4,0.469000047011392,"Agree Non-resident"
"1485",4,0.320635220492911,"Agree Non-resident"
"1486",9,0.24215149476921,"Disagree Non-resident"
"1487",4,0.31220675953309,"Agree Non-resident"
"1488",9,0.164273584867583,"Agree Resident"
"1489",4,0.412704847428099,"Agree Non-resident"
"1490",3,0.266941056539198,"Agree Resident"
"1491",8,0.245894042897958,"Disagree Non-resident"
"1492",8,0.348791667717855,"Agree Non-resident"
"1493",7,0.280602626225691,"Disagree Non-resident"
"1494",5,0.265375641114231,"Disagree Non-resident"
"1495",1,0.16313942678168,"Agree Resident"
"1496",4,0.201681332112564,"Agree Non-resident"
"1497",8,0.183875967810789,"Agree Non-resident"
"1498",7,0.438153191387815,"Disagree Non-resident"
"1499",8,0.182208586100664,"Agree Resident"
"1500",5,0.365268428324055,"Disagree Non-resident"
"1501",9,0.145577191204072,"Disagree Resident"
"1502",9,0.308968326045438,"Agree Non-resident"
"1503",9,0.209742005540863,"Agree Resident"
"1504",9,0.342199096588313,"Disagree Resident"
"1505",4,0.305414290048305,"Agree Resident"
"1506",4,0.479378984313685,"Agree Non-resident"
"1507",4,0.286617074015649,"Agree Resident"
"1508",9,0.33706952623594,"Disagree Non-resident"
"1509",7,0.234013095436087,"Agree Non-resident"
"1510",4,0.213958120250465,"Agree Non-resident"
"1511",2,0.213922231180138,"Disagree Resident"
"1512",9,0.257923431144348,"Agree Non-resident"
"1513",8,0.186030762719714,"Agree Resident"
"1514",9,0.49221660281334,"Disagree Non-resident"
"1515",5,0.384058702807953,"Disagree Non-resident"
"1516",3,0.181456110896149,"Agree Non-resident"
"1517",8,0.244733236877309,"Agree Non-resident"
"1518",7,0.171843044385896,"Disagree Non-resident"
"1519",4,0.383973740085822,"Agree Non-resident"
"1520",9,0.320256324981664,"Disagree Resident"
"1521",4,0.281692398626288,"Agree Resident"
"1522",7,0.436003358562839,"Disagree Non-resident"
"1523",9,0.323643556409963,"Agree Non-resident"
"1524",8,0.192486295437957,"Agree Non-resident"
"1525",7,0.429763015015859,"Disagree Non-resident"
"1526",3,0.329614779036927,"Agree Non-resident"
"1527",5,0.42803756874883,"Disagree Non-resident"
"1528",7,0.317680479443872,"Disagree Non-resident"
"1529",9,0.431725273062287,"Disagree Resident"
"1530",4,0.225455740524619,"Agree Resident"
"1531",7,0.252147230013183,"Disagree Non-resident"
"1532",4,0.425520456752119,"Agree Non-resident"
"1533",7,0.348280097915645,"Disagree Non-resident"
"1534",2,0.195996783094443,"Agree Non-resident"
"1535",4,0.475762117337106,"Agree Non-resident"
"1536",5,0.188893398529724,"Disagree Non-resident"
"1537",4,0.302813700969951,"Agree Non-resident"
"1538",1,0.149202169015849,"Agree Resident"
"1539",4,0.269561672933139,"Agree Non-resident"
"1540",4,0.363084470811734,"Agree Non-resident"
"1541",3,0.194052381495343,"Agree Non-resident"
"1542",9,0.294087213531972,"Disagree Resident"
"1543",7,0.211688300630705,"Agree Non-resident"
"1544",4,0.540921172454959,"Agree Non-resident"
"1545",4,0.226807608480879,"Agree Non-resident"
"1546",9,0.239097435499333,"Disagree Resident"
"1547",4,0.373020827959871,"Agree Non-resident"
"1548",9,0.467078064515077,"Disagree Resident"
"1549",6,0.275262502044202,"Disagree Resident"
"1550",2,0.168497723191496,"Disagree Resident"
"1551",4,0.264305417997294,"Agree Non-resident"
"1552",9,0.253073922031167,"Disagree Resident"
"1553",9,0.269176228847173,"Disagree Non-resident"
"1554",9,0.223784747451886,"Disagree Resident"
"1555",5,0.310048822000893,"Disagree Non-resident"
"1556",6,0.301351517158714,"Disagree Resident"
"1557",4,0.215589247946718,"Agree Resident"
"1558",3,0.273311104444092,"Agree Non-resident"
"1559",4,0.397050029795959,"Agree Non-resident"
"1560",5,0.370054246759069,"Disagree Non-resident"
"1561",7,0.369215388960733,"Disagree Non-resident"
"1562",3,0.190195545940332,"Agree Non-resident"
"1563",3,0.408350595547578,"Agree Resident"
"1564",5,0.31004655574277,"Disagree Non-resident"
"1565",7,0.266982282008253,"Agree Non-resident"
"1566",4,0.264032497107844,"Agree Non-resident"
"1567",8,0.230071631117427,"Disagree Resident"
"1568",5,0.411503055950539,"Disagree Non-resident"
"1569",4,0.249928839194148,"Agree Non-resident"
"1570",3,0.411838503264564,"Agree Resident"
"1571",8,0.283830890180082,"Agree Non-resident"
"1572",4,0.363084470811734,"Agree Non-resident"
"1573",4,0.487609472511478,"Agree Non-resident"
"1574",3,0.215822523946209,"Agree Non-resident"
"1575",5,0.309959450627892,"Disagree Non-resident"
"1576",8,0.427544898177401,"Disagree Resident"
"1577",2,0.239974927998812,"Disagree Non-resident"
"1578",7,0.241857690207933,"Disagree Non-resident"
"1579",9,0.268717881453448,"Agree Resident"
