"","topic","strength"
"1",3,0.296997339005449
"2",9,0.443623856586704
"3",8,0.177195845283283
"4",8,0.407796589602762
"5",2,0.345491574409352
"6",1,0.21376242138128
"7",8,0.335758170746736
"8",3,0.223084203271802
"9",4,0.309078409523371
"10",6,0.227364694492382
"11",8,0.286416396332106
"12",3,0.196680973136266
"13",9,0.266638253200659
"14",5,0.179199474187494
"15",4,0.367012288192985
"16",8,0.397983460185326
"17",9,0.332869662471046
"18",1,0.313332169617071
"19",6,0.272314456959756
"20",8,0.381549259534676
"21",4,0.319314549240742
"22",1,0.21376242138128
"23",4,0.216546621103941
"24",2,0.240249018246316
"25",2,0.202340983753479
"26",3,0.199102946391273
"27",1,0.386906109871582
"28",4,0.184279231103801
"29",6,0.273603757100168
"30",8,0.18979382818225
"31",2,0.202340983753479
"32",4,0.218245905234919
"33",3,0.353696788100532
"34",4,0.437530630071686
"35",4,0.562531902965451
"36",6,0.378248389734426
"37",4,0.337895753430351
"38",4,0.268239470465613
"39",7,0.172840500169835
"40",9,0.201527303910451
"41",3,0.256733634458053
"42",2,0.216292803714947
"43",4,0.227605318572722
"44",3,0.244581411510758
"45",2,0.186344169757664
"46",8,0.246610975415052
"47",9,0.25371472757221
"48",1,0.127281965230022
"49",1,0.260107743760315
"50",8,0.243327288650237
"51",4,0.414606113425598
"52",1,0.21376242138128
"53",8,0.173332349845182
"54",10,0.162783903983886
"55",1,0.21376242138128
"56",9,0.468066101541075
"57",6,0.239012064336752
"58",6,0.505714233044618
"59",8,0.246610975415052
"60",2,0.204978369931954
"61",5,0.214893770768906
"62",8,0.23708297404826
"63",8,0.230595607059079
"64",4,0.126796637042826
"65",5,0.220332469245129
"66",1,0.160609780441343
"67",4,0.301858312905063
"68",4,0.136013187029392
"69",1,0.383489634601707
"70",4,0.294770354571695
"71",2,0.183842689506617
"72",9,0.542527450617274
"73",3,0.2055245351236
"74",9,0.210993130523502
"75",3,0.157290567737942
"76",9,0.218417584352104
"77",4,0.465033511209898
"78",5,0.165825668295191
"79",4,0.294320740028759
"80",4,0.220029950995896
"81",4,0.184232545775959
"82",6,0.357439518108432
"83",2,0.202340983753479
"84",6,0.311969797150806
"85",9,0.247828681125197
"86",7,0.254195923559595
"87",2,0.22836291372552
"88",3,0.243879730028541
"89",10,0.420746002095178
"90",9,0.412956423917219
"91",2,0.209033810728437
"92",4,0.241924199391264
"93",3,0.255495445269171
"94",4,0.519037704358609
"95",9,0.362977452253728
"96",5,0.282341776741399
"97",3,0.244576165131037
"98",4,0.237027075645396
"99",2,0.163058565852435
"100",8,0.229210619865738
"101",1,0.21376242138128
"102",9,0.222222099977157
"103",8,0.286219678541832
"104",3,0.243875965322506
"105",5,0.288155038547705
"106",1,0.364107015550683
"107",9,0.206309255261935
"108",1,0.31052918683238
"109",1,0.377696068239586
"110",4,0.171799449040661
"111",3,0.244589910248315
"112",2,0.393642247583248
"113",7,0.214192713334142
"114",9,0.228307920127837
"115",4,0.126796637042826
"116",1,0.235355984407642
"117",5,0.239167143415813
"118",4,0.253206253156518
"119",3,0.291875560168322
"120",8,0.276758694971537
"121",8,0.290385656499336
"122",8,0.235195579013836
"123",4,0.283210918339971
"124",3,0.212970754752539
"125",4,0.38994039685821
"126",8,0.208153018722427
"127",9,0.261975819597163
"128",4,0.446627014651019
"129",8,0.240806877337531
"130",5,0.163361888011878
"131",3,0.244576609821569
"132",9,0.197051637555881
"133",9,0.171234721859352
"134",4,0.330756460406191
"135",3,0.17722717703703
"136",4,0.236708821777739
"137",8,0.403409159330215
"138",1,0.204144703903055
"139",9,0.170289547446038
"140",1,0.309074969246848
"141",4,0.228102870836782
"142",8,0.215537622078273
"143",6,0.42826219379738
"144",8,0.18039349992987
"145",4,0.199235384786143
"146",8,0.538681036889004
"147",4,0.525225872938968
"148",1,0.21376242138128
"149",4,0.247235653714232
"150",10,0.424580401235289
"151",6,0.211307590827317
"152",7,0.16368415007804
"153",5,0.316475986917418
"154",3,0.31796946489673
"155",3,0.311441184347157
"156",8,0.237093321845905
"157",9,0.511186876064123
"158",8,0.224814174945116
"159",6,0.362153327538638
"160",2,0.264521536569963
"161",2,0.18768504234964
"162",9,0.220983592288734
"163",5,0.187440579084294
"164",3,0.244585959516235
"165",8,0.43240965743109
"166",9,0.395466883812657
"167",8,0.287542695713312
"168",7,0.172840500169835
"169",8,0.165725351931315
"170",1,0.259765317778198
"171",10,0.258407811131719
"172",10,0.242231155066835
"173",2,0.204971110737094
"174",1,0.21376242138128
"175",9,0.41834779871573
"176",5,0.221725746007085
"177",8,0.279558304860414
"178",3,0.232042935490605
"179",8,0.384147609947232
"180",3,0.248618400964514
"181",8,0.263337533267906
"182",6,0.274316535489364
"183",8,0.245838367530816
"184",8,0.220111342978473
"185",2,0.256320117096854
"186",8,0.224984314125053
"187",7,0.262660520835182
"188",8,0.259104175887046
"189",6,0.177673696094
"190",8,0.220674657411618
"191",9,0.413351915167298
"192",7,0.172840500169835
"193",10,0.280443619366831
"194",9,0.29971834737489
"195",3,0.189029011946018
"196",4,0.227763422832971
"197",4,0.43073176277901
"198",4,0.220384577688519
"199",1,0.355592857802947
"200",2,0.288187911001886
"201",1,0.32766101140995
"202",4,0.21380744991245
"203",8,0.181296048984295
"204",3,0.189058267236789
"205",4,0.372911119851396
"206",4,0.333209950051479
"207",8,0.200225264783287
"208",4,0.293373738762827
"209",7,0.150360348814805
"210",3,0.233813950278165
"211",2,0.256035178606362
"212",9,0.198265089578116
"213",5,0.3810353053788
"214",4,0.126796637042826
"215",2,0.268108445110177
"216",3,0.213056313716715
"217",8,0.206025202644358
"218",8,0.292668974050427
"219",8,0.264657728246346
"220",4,0.126796637042826
"221",4,0.231092491682715
"222",3,0.275824061656561
"223",6,0.242397135423076
"224",2,0.301718106656571
"225",10,0.23516248022606
"226",6,0.192674973433103
"227",4,0.205665700902999
"228",4,0.345873762483301
"229",9,0.211274323803803
"230",4,0.181971243918994
"231",8,0.381549259534676
"232",4,0.177758338183884
"233",4,0.416053225851751
"234",9,0.646481664649828
"235",9,0.249809294266091
"236",4,0.234242667677489
"237",5,0.211402736482054
"238",4,0.36976333835319
"239",1,0.259765317778217
"240",3,0.389790754849941
"241",8,0.21413278084859
"242",3,0.202288116678023
"243",2,0.186344583592128
"244",8,0.300043145370047
"245",4,0.154343441714742
"246",6,0.484883595299488
"247",5,0.220992023739633
"248",4,0.236872549539874
"249",7,0.188629106094189
"250",3,0.230440538335209
"251",8,0.168468700652096
"252",7,0.131572151521329
"253",9,0.430689199269029
"254",8,0.165736289091444
"255",1,0.355592816670217
"256",1,0.360693659607501
"257",6,0.169428725455816
"258",4,0.341801087142603
"259",6,0.226766794242703
"260",9,0.510653571350525
"261",3,0.358190722189597
"262",3,0.171490449143007
"263",6,0.450541893997634
"264",8,0.305268510501795
"265",2,0.163519281003149
"266",6,0.370341094574959
"267",2,0.203426677040953
"268",1,0.21376242138128
"269",10,0.173650355115105
"270",4,0.364775927362374
"271",8,0.165736234125438
"272",8,0.191038609272543
"273",5,0.277540156336532
"274",3,0.250845235130779
"275",1,0.355535479575844
"276",10,0.239710296925065
"277",6,0.213216835361115
"278",6,0.292747140168077
"279",3,0.338704316860484
"280",4,0.281992992414097
"281",8,0.216999277369643
"282",10,0.289884430233301
"283",8,0.373662396165993
"284",8,0.200709996859239
"285",8,0.370922566359216
"286",4,0.262968551128699
"287",5,0.205292356823267
"288",8,0.163422696487099
"289",6,0.229155302775259
"290",9,0.407126366251457
"291",5,0.315638205087565
"292",3,0.216286548057053
"293",3,0.175528705665647
"294",4,0.447370053972116
"295",8,0.314191536748718
"296",9,0.341832794320137
"297",2,0.17381763011256
"298",3,0.244581411510758
"299",9,0.389191059666669
"300",9,0.220728028880142
"301",4,0.337379495680842
"302",8,0.234790259294686
"303",3,0.363336228024556
"304",8,0.179030599581317
"305",9,0.397048441459887
"306",8,0.259094078457046
"307",8,0.2531449866978
"308",4,0.253202905720745
"309",8,0.216455154194097
"310",6,0.422339950685517
"311",5,0.244701512890617
"312",3,0.170250799250919
"313",6,0.183548865157569
"314",6,0.224235931218805
"315",8,0.222302906556007
"316",8,0.155226917764779
"317",5,0.171822910315802
"318",5,0.225962509013234
"319",4,0.327704687226021
"320",4,0.305766802673312
"321",8,0.170297240501799
"322",2,0.265339075331084
"323",1,0.21376242138128
"324",9,0.273286706302614
"325",6,0.186081816748068
"326",4,0.180409728354269
"327",5,0.357618717307783
"328",4,0.363623403270224
"329",9,0.246393480558637
"330",8,0.165736188440046
"331",9,0.510476576568379
"332",6,0.271788027927911
"333",8,0.228765983926402
"334",4,0.410991039623854
"335",8,0.248387637563443
"336",10,0.311084144162068
"337",7,0.204686683835525
"338",9,0.14302263970186
"339",2,0.204978369931954
"340",6,0.41877977733883
"341",9,0.253706512156581
"342",4,0.259946619224463
"343",9,0.391978055427435
"344",4,0.404896583262028
"345",6,0.24712760395302
"346",6,0.429902059621625
"347",3,0.322224464403163
"348",5,0.228372649994638
"349",2,0.204980552076368
"350",2,0.256267670631261
"351",4,0.612324645475497
"352",8,0.254186177770624
"353",6,0.204271451062364
"354",2,0.331224341183295
"355",6,0.353406280354274
"356",8,0.211580851377287
"357",3,0.215293795440942
"358",9,0.289702422722523
"359",9,0.23258815667493
"360",6,0.316684832218427
"361",10,0.272424794831532
"362",6,0.247721292520024
"363",6,0.527941488869756
"364",4,0.379132847216119
"365",9,0.188886682151848
"366",6,0.639181203622802
"367",8,0.262056089646994
"368",9,0.379993585228383
"369",8,0.246610975415052
"370",1,0.259765317778205
"371",8,0.377759764903873
"372",3,0.248062754221858
"373",5,0.261364728001149
"374",1,0.31064117796557
"375",3,0.165332403176915
"376",2,0.235549511683993
"377",4,0.292378427361646
"378",6,0.196844689766073
"379",3,0.276548294498888
"380",3,0.225014304302958
"381",5,0.168518770119275
"382",4,0.270130773166075
"383",3,0.194718636807436
"384",8,0.227241398260143
"385",2,0.248726827099062
"386",7,0.248594660801388
"387",9,0.241313456947643
"388",8,0.166270938073905
"389",3,0.295002109009828
"390",1,0.298905667853067
"391",9,0.337536689397161
"392",10,0.216810413390647
"393",8,0.434762246333145
"394",3,0.191599314529941
"395",9,0.372350063447885
"396",4,0.431890637053405
"397",5,0.205480315398032
"398",8,0.291811843054006
"399",5,0.189602452801342
"400",7,0.172840500169835
"401",6,0.172838547293183
"402",1,0.352127527258986
"403",8,0.456530993071054
"404",6,0.229596760660314
"405",4,0.258944188989419
"406",3,0.243531652357178
"407",6,0.25347915927532
"408",2,0.19056206707744
"409",7,0.200063916584376
"410",4,0.255947095454168
"411",8,0.373589919255499
"412",6,0.55211859571029
"413",10,0.178904362698688
"414",6,0.407463632218058
"415",6,0.670152080182377
"416",9,0.527970351460185
"417",8,0.240806881606822
"418",1,0.21376242138128
"419",4,0.216061882439711
"420",8,0.211466636504518
"421",7,0.172840500169835
"422",5,0.429656370459453
"423",6,0.456335340358725
"424",2,0.201590414335909
"425",8,0.188755708523497
"426",8,0.273273175238786
"427",8,0.193232386142208
"428",3,0.216103514094548
"429",8,0.253887824224542
"430",3,0.164819407343973
"431",3,0.279972501408376
"432",1,0.355592857802947
"433",3,0.164818582056115
"434",4,0.323526776040303
"435",9,0.203677485690954
"436",7,0.172840500169835
"437",9,0.19870389266922
"438",10,0.292798888682277
"439",1,0.21376242138128
"440",4,0.484077709588393
"441",8,0.195531142994845
"442",1,0.341884981130243
"443",9,0.344158360178378
"444",8,0.197461925887613
"445",8,0.185477969028891
"446",9,0.355432717128907
"447",7,0.162463017950723
"448",10,0.300847891431358
"449",8,0.25160175455919
"450",4,0.126796637042826
"451",3,0.263921036755345
"452",3,0.201940416677225
"453",8,0.218171788725233
"454",3,0.165332403176915
"455",9,0.271529799832425
"456",2,0.201563318949529
"457",9,0.33297177811946
"458",9,0.306156589804245
"459",9,0.208029467706441
"460",8,0.183403806841996
"461",1,0.21376242138128
"462",8,0.191239698040788
"463",9,0.302085674164963
"464",4,0.126796637042826
"465",6,0.291997796295234
"466",1,0.535549589565306
"467",8,0.218750528304221
"468",3,0.158230948716952
"469",3,0.207488800093767
"470",4,0.230913906992062
"471",8,0.236013176221708
"472",1,0.21376242138128
"473",6,0.544846155472415
"474",4,0.205651756799533
"475",9,0.458425914861652
"476",9,0.518281692443254
"477",5,0.229433271675544
"478",1,0.355592857802947
"479",2,0.268227807136598
"480",3,0.229123217386035
"481",8,0.182299820019136
"482",3,0.219462299049472
"483",2,0.289260285201836
"484",7,0.195926662910836
"485",6,0.253782930697081
"486",8,0.1736904991036
"487",6,0.168029612486242
"488",5,0.277154738378201
"489",5,0.283216488667228
"490",6,0.497619560410146
"491",4,0.311215005392701
"492",8,0.201501563874619
"493",2,0.204078495929059
"494",9,0.369207348674492
"495",6,0.161799662187976
"496",1,0.409216429958392
"497",8,0.272158572280041
"498",10,0.176077532810777
"499",9,0.315220899844079
"500",8,0.19995963190722
"501",6,0.303400350286406
"502",10,0.141414103653179
"503",8,0.318746175393652
"504",8,0.215465559732754
"505",9,0.154523908945349
"506",2,0.236827802167117
"507",7,0.213755504944791
"508",6,0.352063745984278
"509",4,0.378903928359519
"510",8,0.335682701515244
"511",3,0.211389457721566
"512",1,0.21376242138128
"513",8,0.165735472412987
"514",7,0.172840500169835
"515",6,0.266896581898204
"516",8,0.25031251807939
"517",8,0.187187604995337
"518",6,0.532171811587547
"519",9,0.154509473578601
"520",3,0.208651757099625
"521",9,0.295707990225127
"522",4,0.641448906193305
"523",5,0.41038045386721
"524",6,0.356489752963433
"525",2,0.18332783646324
"526",6,0.492541019027847
"527",3,0.239595867766619
"528",9,0.274766682396599
"529",4,0.223097394897271
"530",4,0.41722012616614
"531",6,0.432784019716406
"532",9,0.154519868834114
"533",9,0.355447581850176
"534",9,0.365533542610388
"535",6,0.198821301145923
"536",3,0.244585958970078
"537",3,0.324667048006301
"538",3,0.241807071479789
"539",1,0.21376242138128
"540",2,0.211809725671238
"541",4,0.472986487502508
"542",9,0.458425914861652
"543",6,0.15038618455935
"544",6,0.490382808908838
"545",9,0.458425914861652
"546",1,0.254581046415313
"547",9,0.247315664574701
"548",3,0.234120846021244
"549",7,0.180194155142655
"550",4,0.413361470689226
"551",8,0.294551080769883
"552",7,0.255697774108727
"553",4,0.2274551669525
"554",6,0.520438962152019
"555",10,0.236586782942274
"556",3,0.181862666418234
"557",7,0.172829671799471
"558",8,0.249044413884004
"559",3,0.216672169515105
"560",3,0.238481624965986
"561",4,0.461505135020296
"562",10,0.275215467551796
"563",6,0.34140189660532
"564",8,0.315434801828639
"565",10,0.171239422952221
"566",6,0.315096860530978
"567",3,0.227906685136745
"568",9,0.505624034045209
"569",9,0.279205763655781
"570",5,0.263483144070755
"571",3,0.317341267770169
"572",9,0.337350467464064
"573",8,0.184319097968713
"574",4,0.359826900631304
"575",4,0.340330024987042
"576",7,0.173718788532206
"577",3,0.167726641411032
"578",1,0.306915676584943
"579",8,0.249509644769076
"580",8,0.272047811973063
"581",5,0.31882224043215
"582",9,0.47217117174849
"583",2,0.332938911289814
"584",1,0.21376242138128
"585",9,0.254458320115998
"586",8,0.300776439133626
"587",4,0.126796637042826
"588",1,0.349551667428106
"589",3,0.194015916387847
"590",8,0.276814493813732
"591",2,0.204971318272892
"592",8,0.250583229522784
"593",8,0.238357021439894
"594",4,0.256679263208401
"595",8,0.298435383739056
"596",4,0.150340260080834
"597",10,0.224561649612982
"598",6,0.237198848547206
"599",8,0.193116752852249
"600",6,0.420886691584098
"601",5,0.24953614785315
"602",6,0.346279692409649
"603",4,0.216061882439711
"604",4,0.15975821420739
"605",3,0.296869753598908
"606",6,0.219292405706785
"607",3,0.234439593091206
"608",8,0.19959010113557
"609",4,0.408392970086586
"610",8,0.194769678622816
"611",8,0.154038788308143
"612",3,0.255261946653767
"613",2,0.246012889721116
"614",3,0.329310190936179
"615",7,0.245606093448761
"616",5,0.431955215371532
"617",3,0.250158278189268
"618",2,0.282122687911842
"619",6,0.315561837133155
"620",4,0.23900210820059
"621",5,0.185694467450662
"622",1,0.13748996326518
"623",2,0.204078495929059
"624",5,0.278867857732212
"625",9,0.333860888258496
"626",9,0.23074905426694
"627",4,0.685235435765482
"628",9,0.384037646889515
"629",1,0.21376242138128
"630",1,0.275047218057764
"631",7,0.232616527979534
"632",1,0.239173932941417
"633",1,0.355592816660195
"634",9,0.325490815246978
"635",2,0.187984721919326
"636",9,0.543903745085
"637",10,0.139417013147755
"638",9,0.206603135968119
"639",4,0.388357592515111
"640",9,0.278649532667533
"641",8,0.25964497778727
"642",3,0.231202412766569
"643",4,0.371161955599792
"644",9,0.191038689023273
"645",1,0.463227428098443
"646",1,0.229762010546586
"647",9,0.52372213416683
"648",8,0.159754688673432
"649",3,0.264185780674437
"650",3,0.209721394619279
"651",3,0.290039559146285
"652",8,0.292225987847072
"653",3,0.30212379804052
"654",2,0.20483280569639
"655",4,0.183846084729947
"656",6,0.529727496615404
"657",8,0.236385119910956
"658",9,0.459440146512637
"659",6,0.266637877968004
"660",4,0.126796676628979
"661",8,0.22837060012115
"662",3,0.272460617922708
"663",9,0.196370832630777
"664",2,0.192280043983612
"665",10,0.162789522033375
"666",9,0.257152245737914
"667",9,0.18146455449046
"668",9,0.23985514382594
"669",8,0.228991764877189
"670",4,0.220384577688519
"671",4,0.169699143249036
"672",9,0.236917673450637
"673",2,0.196084160226498
"674",3,0.243949417174093
"675",9,0.190915037877448
"676",1,0.21376242138128
"677",4,0.271822219843904
"678",2,0.136652704555934
"679",2,0.173028704123061
"680",6,0.136592333230034
"681",8,0.337257129618127
"682",9,0.143023925660269
"683",8,0.275685473532377
"684",8,0.292446992852195
"685",8,0.416213044934184
"686",8,0.189132221821391
"687",4,0.126796637042826
"688",2,0.428848354098459
"689",7,0.17346326916454
"690",4,0.276377815145582
"691",3,0.188707613110865
"692",8,0.396823180915752
"693",4,0.37150845826459
"694",4,0.157392239075631
"695",3,0.276302061534089
"696",8,0.250342543211527
"697",2,0.160100698993218
"698",6,0.131378200119365
"699",1,0.21376242138128
"700",9,0.459422909991086
"701",4,0.33936336244637
"702",4,0.201061855727081
"703",9,0.246693282350704
"704",3,0.297611062472119
"705",7,0.210485078649127
"706",3,0.297232182776922
"707",4,0.593008284576588
"708",4,0.337915225357139
"709",5,0.148406707651803
"710",4,0.458011329023697
"711",6,0.551072144205805
"712",2,0.23612732573907
"713",6,0.209737824967629
"714",10,0.225129196408108
"715",8,0.162452642787021
"716",6,0.284056623925645
"717",9,0.241068732692172
"718",9,0.191857659565177
"719",3,0.353281630719903
"720",4,0.126796637042826
"721",4,0.461691452521175
"722",1,0.355592858002433
"723",2,0.156063499426686
"724",3,0.163470794704371
"725",8,0.334386539469584
"726",10,0.436564973847492
"727",6,0.543887346088712
"728",9,0.280878907479288
"729",4,0.247936351894349
"730",10,0.26571704946488
"731",10,0.162792442357572
"732",3,0.17421209989222
"733",8,0.278299345615524
"734",8,0.308367832310157
"735",8,0.206194210096687
"736",7,0.161974878603431
"737",8,0.215465575181141
"738",4,0.327881009030103
"739",1,0.21376242138128
"740",5,0.325783058299757
"741",8,0.396118915301216
"742",7,0.172840500169835
"743",4,0.341782821080475
"744",8,0.180150407253539
"745",4,0.269652854432594
"746",9,0.251893207789792
"747",8,0.39840843508332
"748",6,0.345410779615346
"749",9,0.623662125284305
"750",3,0.259879485063961
"751",8,0.245038153337537
"752",8,0.270114722453259
"753",4,0.126796771396542
"754",9,0.485001294523482
"755",3,0.316266547001418
"756",9,0.398409411759398
"757",6,0.288688410738663
"758",3,0.199955925481986
"759",7,0.153579410431704
"760",9,0.29400221219621
"761",9,0.320498251977541
"762",1,0.237234013186734
"763",4,0.424097363911867
"764",8,0.269476559875948
"765",8,0.198305107560099
"766",8,0.265193549030635
"767",6,0.346368428282142
"768",9,0.286983880912458
"769",3,0.221281014986071
"770",1,0.31833655441464
"771",9,0.266152524488275
"772",8,0.229663880689445
"773",6,0.253693125973789
"774",6,0.362153327538638
"775",6,0.318124445557033
"776",8,0.208547665966919
"777",8,0.338864024277833
"778",3,0.240205044324752
"779",8,0.302871580299379
"780",3,0.223422029617668
"781",9,0.234538236416132
"782",3,0.238565250611613
"783",8,0.300921931587198
"784",6,0.216485068300635
"785",6,0.37162969498429
"786",3,0.231203102325677
"787",4,0.199491816251908
"788",6,0.229311963692295
"789",4,0.28792653107837
"790",3,0.348580503416273
"791",5,0.343603667047331
"792",3,0.265269877301281
"793",1,0.200137978850188
"794",9,0.458425914861652
"795",6,0.522374977609473
"796",2,0.20961893246548
"797",9,0.31952615660162
"798",8,0.249347964607242
"799",8,0.21546561301937
"800",8,0.228663585179957
"801",3,0.371938051080176
"802",8,0.368589166775438
"803",6,0.594363609223578
"804",9,0.62035831029334
"805",8,0.245753136231751
"806",8,0.180133162486841
"807",8,0.241159426884332
"808",3,0.186143366970434
"809",4,0.216061882439711
"810",1,0.21376242138128
"811",4,0.126796637042826
"812",6,0.315161472508105
"813",9,0.243835451289198
"814",1,0.223959616812687
"815",2,0.289259561420786
"816",8,0.149369641311011
"817",4,0.306452005491872
"818",8,0.377960811320046
"819",8,0.231955740766934
"820",6,0.341275824935946
"821",9,0.264828313435124
"822",9,0.547326840300415
"823",10,0.198802842444593
"824",9,0.328311401068923
"825",8,0.212417661151339
"826",3,0.277262118560819
"827",1,0.21376242138128
"828",1,0.245194942588685
"829",8,0.233994550332983
"830",3,0.356466523951417
"831",9,0.510653571350525
"832",4,0.5081720571225
"833",8,0.20347407498929
"834",3,0.282561813224869
"835",8,0.264792180645482
"836",6,0.2453067168332
"837",4,0.282486208069506
"838",4,0.329296702094438
"839",8,0.231701651699835
"840",6,0.202627764332867
"841",3,0.213558156650833
"842",1,0.21376242138128
"843",6,0.418881116974535
"844",3,0.215880181517792
"845",8,0.190078433175152
"846",4,0.231572723316905
"847",1,0.318336643189709
"848",4,0.244568790299855
"849",9,0.394925997983832
"850",6,0.268746394791131
"851",9,0.231882105011645
"852",3,0.244585959486765
"853",1,0.276210929085094
"854",5,0.254861168053519
"855",8,0.232042797864385
"856",8,0.22106429215427
"857",9,0.578584814394608
"858",6,0.279958929081823
"859",8,0.390482402063018
"860",10,0.258059685861737
"861",8,0.187569175176637
"862",2,0.266835344428237
"863",9,0.490606832220825
"864",8,0.283464449251747
"865",6,0.254401983690278
"866",6,0.281545579092882
"867",8,0.287493017926235
"868",1,0.21376242138128
"869",1,0.330079242174436
"870",3,0.185922734145733
"871",4,0.336391452132452
"872",8,0.190251972204085
"873",2,0.329137018400083
"874",9,0.63792839661975
"875",4,0.213860161682757
"876",3,0.31796946489673
"877",8,0.339049393421423
"878",4,0.245984871346262
"879",8,0.308899654655817
"880",9,0.296628809115489
"881",8,0.268195977489345
"882",8,0.289089369484871
"883",8,0.285633808617724
"884",6,0.361104982852797
"885",8,0.208969797532782
"886",8,0.21412152161933
"887",8,0.163106236535947
"888",9,0.337666874289325
"889",9,0.529235730374355
"890",6,0.41950881413706
"891",3,0.21171785616501
"892",4,0.299489746772952
"893",10,0.191434636881993
"894",4,0.363191615953268
"895",10,0.273868620868288
"896",4,0.327023152772673
"897",4,0.323234211295309
"898",9,0.278151102342448
"899",9,0.312984235393096
"900",3,0.204358440428573
"901",4,0.235344680716591
"902",8,0.158734694342722
"903",8,0.170980032844509
"904",1,0.355592816670217
"905",4,0.126796637042826
"906",4,0.454802770505319
"907",1,0.21376242138128
"908",6,0.564783793766262
"909",8,0.205697278511561
"910",3,0.317388581382467
"911",8,0.203126398249115
"912",3,0.154022565790535
"913",8,0.223990417263926
"914",8,0.218433584801482
"915",3,0.293276637142689
"916",4,0.333352481250686
"917",1,0.355592857802947
"918",5,0.216409941044926
"919",8,0.332707530323974
"920",2,0.180516546654398
"921",8,0.207150855513832
"922",6,0.503189690909553
"923",8,0.26238054942265
"924",3,0.297611062472119
"925",8,0.292005307255773
"926",6,0.204194684956505
"927",9,0.307892610621699
"928",5,0.304817409586307
"929",3,0.3216656461857
"930",4,0.330131947450591
"931",4,0.221512391852959
"932",7,0.206570211415643
"933",1,0.21376242138128
"934",6,0.194713698026546
"935",2,0.184487237920196
"936",1,0.21376242138128
"937",8,0.272709814303136
"938",8,0.328588448009251
"939",6,0.184993975601304
"940",3,0.298607544893845
"941",9,0.32904218476738
"942",4,0.126796637042826
"943",9,0.389533947193916
"944",8,0.407475039819755
"945",9,0.412818574679092
"946",8,0.202658360937733
"947",9,0.31136953426161
"948",3,0.238045831754902
"949",5,0.219643040308644
"950",1,0.297058068670733
"951",8,0.256413138171038
"952",1,0.219565361293897
"953",3,0.257315316366508
"954",1,0.21376242138128
"955",4,0.262718652628966
"956",3,0.26682719140325
"957",9,0.363816455315943
"958",9,0.175400401151527
"959",2,0.182824591159105
"960",9,0.374866985906812
"961",6,0.427387555743649
"962",8,0.259104175887046
"963",4,0.445182189132805
"964",7,0.277425405264237
"965",9,0.199274195138554
"966",6,0.220367205276707
"967",3,0.244589910248315
"968",6,0.509565912616344
"969",7,0.200995758174693
"970",1,0.21376242138128
"971",8,0.23249029706624
"972",8,0.319714291124108
"973",4,0.126796637042826
"974",1,0.21376242138128
"975",6,0.419815604958407
"976",8,0.364127029186264
"977",4,0.396182546050302
"978",4,0.454150513478626
"979",2,0.202203580760467
"980",9,0.458425914861652
"981",2,0.247933272837747
"982",6,0.407170120017607
"983",8,0.191039015053425
"984",8,0.246610975415052
"985",4,0.449803351480569
"986",2,0.289258480027871
"987",4,0.220029950995896
"988",4,0.237772778294563
"989",1,0.458127003259948
"990",9,0.344338982354262
"991",5,0.216264301779481
"992",9,0.300344562936402
"993",7,0.172593592792686
"994",8,0.426594165647545
"995",5,0.207726093294486
"996",8,0.218433584801482
"997",6,0.430415227938797
"998",1,0.2834110268494
"999",4,0.254969292142039
"1000",3,0.214503004647649
"1001",1,0.201542841449362
"1002",4,0.20493289449122
"1003",4,0.126796637042826
"1004",8,0.210406235331294
"1005",6,0.249041860829672
"1006",6,0.250732569639294
"1007",6,0.344150822518003
"1008",5,0.27071542698599
"1009",8,0.258404581479608
"1010",4,0.216061882439711
"1011",2,0.308099751650075
"1012",4,0.216786489403074
"1013",5,0.165315355949257
"1014",4,0.651363824905148
"1015",3,0.261189673358896
"1016",3,0.222073596375858
"1017",4,0.327989997210494
"1018",3,0.255496330895621
"1019",6,0.228160428768888
"1020",5,0.266902874974174
"1021",10,0.317456527302158
"1022",3,0.287410710344891
"1023",1,0.21376242138128
"1024",9,0.566735709128203
"1025",8,0.246892057485652
"1026",8,0.223341805108695
"1027",5,0.24257221644773
"1028",5,0.253540444429724
"1029",8,0.195332509937706
"1030",3,0.219645283902797
"1031",9,0.468629534051515
"1032",2,0.213420545006813
"1033",4,0.241142061901553
"1034",1,0.238864998508699
"1035",4,0.433462103270706
"1036",4,0.216786489403074
"1037",4,0.2406151610967
"1038",2,0.200923872033495
"1039",3,0.244589917330381
"1040",2,0.186344282917485
"1041",10,0.208276019048688
"1042",6,0.201668644491713
"1043",1,0.21376242138128
"1044",2,0.411197685643272
"1045",3,0.260223073056255
"1046",6,0.271978872413125
"1047",2,0.217572683467087
"1048",7,0.357419881371948
"1049",5,0.17562003425432
"1050",7,0.159831496776976
"1051",3,0.201537464862228
"1052",6,0.258138585733581
"1053",8,0.269764475707927
"1054",9,0.170197302765874
"1055",5,0.196938725353403
"1056",3,0.256998351102278
"1057",10,0.209544732157829
"1058",4,0.22253334046139
"1059",7,0.143788415175905
"1060",4,0.34210684159078
"1061",6,0.28806756153313
"1062",6,0.358687797764692
"1063",8,0.296226453911444
"1064",6,0.264118136865702
"1065",1,0.299021185954259
"1066",4,0.282495247561981
"1067",10,0.724868938728935
"1068",4,0.443860323261238
"1069",5,0.217020708312163
"1070",1,0.21376242138128
"1071",3,0.203181789819817
"1072",4,0.189368846326633
"1073",10,0.149773709777411
"1074",2,0.145322104617986
"1075",9,0.262184460498976
"1076",4,0.187544746640627
"1077",4,0.281106495222553
"1078",4,0.297015270777875
"1079",4,0.126796637042826
"1080",4,0.274367026739064
"1081",8,0.290229717876715
"1082",4,0.43127455668878
"1083",3,0.26023353034439
"1084",4,0.206466825026907
"1085",8,0.21546561301937
"1086",9,0.28739518909751
"1087",4,0.270344487375434
"1088",3,0.231203052174605
"1089",8,0.249057095558359
"1090",10,0.232893781388011
"1091",4,0.621944459884341
"1092",8,0.193816651543271
"1093",8,0.222937250514736
"1094",3,0.217626354542857
"1095",1,0.242505743224931
"1096",10,0.192143938704354
"1097",1,0.21376242138128
"1098",3,0.241599017819269
"1099",2,0.18066796299248
"1100",2,0.204980552076368
"1101",8,0.187138460065008
"1102",8,0.256450335620409
"1103",8,0.282215945133466
"1104",4,0.126796637042826
"1105",2,0.289256340458364
"1106",2,0.222290415389827
"1107",5,0.310539094743848
"1108",6,0.291100392162128
"1109",10,0.656742384328668
"1110",6,0.248952432071081
"1111",8,0.32857872537356
"1112",4,0.635465137977113
"1113",8,0.201710627927845
"1114",3,0.29101403157321
"1115",2,0.202141485629269
"1116",4,0.225643414765187
"1117",3,0.197144017628653
"1118",4,0.459137571628921
"1119",9,0.280978656995463
"1120",2,0.189973354873084
"1121",6,0.19692271659018
"1122",6,0.70598864777927
"1123",1,0.21376242138128
"1124",9,0.386209359507099
"1125",8,0.302818067998897
"1126",9,0.388216117249544
"1127",3,0.267473118288661
"1128",1,0.406261172237831
"1129",3,0.212888701878642
"1130",3,0.213395500119419
"1131",1,0.224855643820622
"1132",8,0.176884829113517
"1133",4,0.31805580999998
"1134",2,0.431463031578281
"1135",3,0.194444069688857
"1136",6,0.363897969623346
"1137",4,0.126796637042826
"1138",3,0.209812250073409
"1139",4,0.233334668264117
"1140",4,0.21765588133355
"1141",1,0.21376242138128
"1142",3,0.244589917330381
"1143",7,0.208650019458502
"1144",7,0.212066677114378
"1145",8,0.285874595220168
"1146",1,0.297060791909338
"1147",4,0.382572822486599
"1148",7,0.389257178256952
"1149",3,0.220076001283946
"1150",8,0.186625865785207
"1151",4,0.254779442416121
"1152",1,0.178587856207751
"1153",8,0.21546561301937
"1154",1,0.153191234840674
"1155",4,0.505221624873481
"1156",6,0.464330017355349
"1157",1,0.355592816670217
"1158",5,0.201531336435158
"1159",3,0.165332403176915
"1160",4,0.335405313429236
"1161",3,0.227662420360965
"1162",5,0.405399257912025
"1163",4,0.245031179707173
"1164",4,0.202288539547147
"1165",8,0.292314677676691
"1166",6,0.198644884469769
"1167",4,0.296369491508661
"1168",3,0.185584411081169
"1169",8,0.25882808589471
"1170",8,0.246610975415052
"1171",8,0.479935288750309
"1172",3,0.423533359673321
"1173",5,0.20020679083698
"1174",6,0.233892684631283
"1175",6,0.67588417571075
"1176",1,0.216532726215579
"1177",6,0.329279969937986
"1178",6,0.205786031887839
"1179",5,0.219022839622202
"1180",8,0.176898405333198
"1181",1,0.21376242138128
"1182",5,0.23869238399298
"1183",1,0.355592816660195
"1184",8,0.282065959792907
"1185",9,0.219690707050045
"1186",4,0.177082304517552
"1187",9,0.246374245211005
"1188",3,0.187054447261916
"1189",8,0.242571172956589
"1190",8,0.290918316621687
"1191",8,0.175965466020972
"1192",4,0.37618752646032
"1193",8,0.295925959360546
"1194",8,0.189189164110913
"1195",1,0.192005650534593
"1196",8,0.368075544399934
"1197",1,0.34921987199484
"1198",4,0.452832641485533
"1199",5,0.157875298004789
"1200",5,0.220014262330292
"1201",3,0.19982808263921
"1202",7,0.19573700353828
"1203",3,0.329593715847146
"1204",3,0.434379166939912
"1205",8,0.359403617425618
"1206",8,0.175270327024885
"1207",3,0.231202412766569
"1208",8,0.260256049754053
"1209",9,0.344018862864797
"1210",4,0.270335314556249
"1211",8,0.260551541676109
"1212",8,0.182223096058097
"1213",9,0.170787167466744
"1214",9,0.582851246398482
"1215",6,0.532919372123262
"1216",8,0.31282165377713
"1217",1,0.373316863256731
"1218",9,0.320071433788423
"1219",3,0.32119570368624
"1220",3,0.136144410722005
"1221",8,0.232356064045139
"1222",8,0.288446738256117
"1223",3,0.368300777869705
"1224",8,0.455563640690885
"1225",9,0.233153208284518
"1226",3,0.244585959516235
"1227",6,0.220049953896494
"1228",8,0.239467040513319
"1229",4,0.299234808858306
"1230",3,0.209812250073409
"1231",2,0.20496515287905
"1232",8,0.246610975415052
"1233",1,0.21376242138128
"1234",6,0.394779523595801
"1235",9,0.517926679960054
"1236",5,0.187975418560816
"1237",1,0.21376242138128
"1238",8,0.274347735457368
"1239",2,0.179058587263645
"1240",3,0.244589910248315
"1241",6,0.503953568956372
"1242",4,0.216786489403074
"1243",3,0.254704390525669
"1244",7,0.172868859198983
"1245",9,0.267590936840748
"1246",1,0.175583542778943
"1247",9,0.324175566737496
"1248",5,0.19273901407392
"1249",6,0.261505823386078
"1250",4,0.27595874722811
"1251",3,0.330584849807405
"1252",1,0.189153339693639
"1253",5,0.184279459085608
"1254",8,0.388277904069372
"1255",9,0.272877434767508
"1256",3,0.300822671970464
"1257",8,0.177976282960765
"1258",1,0.21376242138128
"1259",2,0.289259748291262
"1260",1,0.361398155456197
"1261",8,0.205956375459203
"1262",5,0.240454152466057
"1263",8,0.237338568271444
"1264",3,0.328973690472343
"1265",2,0.213606792230688
"1266",6,0.252540469752843
"1267",5,0.248433072343368
"1268",8,0.143190243521261
"1269",8,0.418175012259913
"1270",8,0.267596901430899
"1271",4,0.126796676628979
"1272",3,0.256385215761611
"1273",8,0.199769308529619
"1274",4,0.502492285851001
"1275",2,0.226361684571364
"1276",6,0.589428072473422
"1277",8,0.252314766797121
"1278",9,0.351215666996975
"1279",8,0.157930957236606
"1280",8,0.201933415754551
"1281",8,0.30391196101455
"1282",6,0.172838547273519
"1283",10,0.185452498607693
"1284",6,0.306410863790018
"1285",4,0.248312671031327
"1286",3,0.252623073065332
"1287",1,0.21376242138128
"1288",7,0.163924359986562
"1289",9,0.516738860748318
"1290",3,0.244585958970078
"1291",8,0.216993354511912
"1292",8,0.19761448488567
"1293",6,0.192313374470491
"1294",1,0.21376242138128
"1295",4,0.22163084826284
"1296",5,0.26366022290808
"1297",1,0.455016680594963
"1298",3,0.35646652372939
"1299",7,0.203269682677578
"1300",8,0.205464990916268
"1301",9,0.482035574139517
"1302",4,0.126796676628979
"1303",2,0.269694291690582
"1304",9,0.295757339239342
"1305",8,0.531177913782653
"1306",8,0.279968075037195
"1307",8,0.204639851814045
"1308",1,0.355592816670217
"1309",8,0.175185505196089
"1310",2,0.371194410419065
"1311",3,0.190697933877607
"1312",1,0.213762147264025
"1313",8,0.280963731599938
"1314",4,0.207778741794581
"1315",8,0.256409547371663
"1316",4,0.193830460536079
"1317",8,0.174907675021286
"1318",8,0.274087026154598
"1319",5,0.238870157306821
"1320",6,0.432767103233412
"1321",3,0.164819409758609
"1322",5,0.232585353247641
"1323",2,0.273827460704442
"1324",8,0.229881354312547
"1325",5,0.242237965924283
"1326",9,0.393032638351146
"1327",8,0.348088524750784
"1328",8,0.306744189605479
"1329",9,0.525564504712212
"1330",4,0.257891014701437
"1331",3,0.358904701224666
"1332",6,0.267785120306316
"1333",9,0.169679046958031
"1334",8,0.283826992047405
"1335",4,0.27595874722811
"1336",8,0.15779996369156
"1337",6,0.272090782851193
"1338",2,0.281387524929326
"1339",3,0.31796946489673
"1340",4,0.267248231445238
"1341",9,0.334328089373178
"1342",5,0.363312542611354
"1343",9,0.256956624291181
"1344",8,0.264543057043037
"1345",8,0.165720280953259
"1346",6,0.434134306412224
"1347",2,0.154223105957955
"1348",3,0.224083499888105
"1349",2,0.157303208162021
"1350",8,0.221926559106034
"1351",4,0.216061882439711
"1352",8,0.196223096692307
"1353",8,0.214883946355314
"1354",6,0.337750387258573
"1355",9,0.291352580018805
"1356",3,0.18201305653219
"1357",3,0.272272147064826
"1358",9,0.279631695819788
"1359",3,0.314186554807679
"1360",8,0.414903189892749
"1361",3,0.31796720756486
"1362",1,0.259765317778198
"1363",2,0.291739112923606
"1364",3,0.249789141828371
"1365",4,0.126796637042826
"1366",9,0.525672707559052
"1367",8,0.246610975415052
"1368",5,0.213095209940311
"1369",6,0.295580253003
"1370",2,0.192512461062179
"1371",5,0.165832798317916
"1372",1,0.21376242138128
"1373",6,0.323230902505851
"1374",1,0.21376242138128
"1375",8,0.340896093253184
"1376",4,0.404912720223309
"1377",6,0.276544820300073
"1378",8,0.302159284615207
"1379",5,0.174272684864873
"1380",6,0.204108718009105
"1381",1,0.202331677345572
"1382",8,0.217727960129763
"1383",4,0.27082234773726
"1384",9,0.323611095061145
"1385",2,0.243045331386397
"1386",8,0.569070717383381
"1387",4,0.372235293516819
"1388",3,0.242057691421337
"1389",5,0.199512889439951
"1390",6,0.624571435105453
"1391",10,0.313648667744405
"1392",3,0.231203062617352
"1393",8,0.165514094225226
"1394",2,0.223273996266323
"1395",8,0.294016158276286
"1396",8,0.152589867591546
"1397",6,0.526599982540987
"1398",4,0.247581601765612
"1399",5,0.16454437352826
"1400",8,0.188876376705433
"1401",7,0.172733930313592
"1402",8,0.165725351931315
"1403",9,0.611436265349842
"1404",6,0.27158906855003
"1405",1,0.252459586109648
"1406",1,0.21376242138128
"1407",1,0.297285858030634
"1408",3,0.209812250073409
"1409",2,0.273402243978669
"1410",4,0.508390834899453
"1411",8,0.274699110995481
"1412",4,0.350357548277663
"1413",2,0.295952182823742
"1414",1,0.21376242138128
"1415",2,0.180174142000922
"1416",4,0.126796771396517
"1417",3,0.242019316524546
"1418",6,0.360616818667697
"1419",4,0.204419680285803
"1420",8,0.22194809176053
"1421",5,0.27243868433353
"1422",8,0.230846728342969
"1423",8,0.287105294666499
"1424",4,0.288675701813873
"1425",6,0.254363758660946
"1426",6,0.3953839150226
"1427",9,0.487664033816166
"1428",8,0.220093835404426
"1429",9,0.490799520652328
"1430",10,0.258193003467502
"1431",5,0.255373265076185
"1432",6,0.758709059777727
"1433",3,0.209758280990359
"1434",8,0.238483931333418
"1435",4,0.363383025310767
"1436",1,0.21376242138128
"1437",4,0.2765109380938
"1438",8,0.242657803673146
"1439",1,0.213762147264025
"1440",8,0.261553444449262
"1441",8,0.271914488592064
"1442",4,0.330715804769659
"1443",5,0.18427533185511
"1444",8,0.404704208931206
"1445",9,0.431765956688009
"1446",3,0.17824353652518
"1447",4,0.226602863128972
"1448",4,0.221365003754603
"1449",2,0.202340983753479
"1450",1,0.21376242138128
"1451",9,0.311251175681823
"1452",8,0.338445822890455
"1453",8,0.218651931053419
"1454",7,0.156475005668631
"1455",4,0.339734686879277
"1456",10,0.191322298764373
"1457",1,0.21376242138128
"1458",3,0.224895955108877
"1459",6,0.233880080679691
"1460",9,0.154485738969562
"1461",3,0.15654173213946
"1462",4,0.314560855396497
"1463",9,0.238467144628157
"1464",3,0.262987976446081
"1465",10,0.193489459380544
"1466",7,0.260869278375187
"1467",3,0.294695739984962
"1468",3,0.177891726716515
"1469",9,0.502372434505556
"1470",1,0.21376242138128
"1471",2,0.204978369931954
"1472",3,0.156542739201878
"1473",9,0.332948596311147
"1474",8,0.25830466632296
"1475",3,0.164670609666463
"1476",8,0.248026402651848
"1477",7,0.172840500169835
"1478",8,0.32589083949773
"1479",7,0.310786708799555
"1480",8,0.276072349312908
"1481",7,0.208057851499107
"1482",3,0.242766884238534
"1483",7,0.299544720113442
"1484",4,0.263610946511669
"1485",4,0.212001455737436
"1486",3,0.209852520822614
"1487",6,0.306976365957147
"1488",4,0.161278333413952
"1489",6,0.274878836391177
"1490",1,0.213762147264025
"1491",8,0.145901235076243
"1492",6,0.268283856324986
"1493",3,0.244589910248315
"1494",8,0.261764562811696
"1495",1,0.21376242138128
"1496",3,0.244589910248315
"1497",3,0.244576609821569
"1498",3,0.244589917330381
"1499",8,0.149610411618154
"1500",6,0.502459113811675
"1501",8,0.193083704476488
"1502",8,0.194887004332487
"1503",4,0.249138314276781
"1504",8,0.338277915677839
"1505",6,0.379459648947742
"1506",2,0.248298569936952
"1507",9,0.237988566164469
"1508",2,0.204971318272892
"1509",9,0.246172461180687
"1510",9,0.536903500042789
"1511",6,0.237238335806981
"1512",9,0.651676389484529
"1513",6,0.294927793359962
"1514",9,0.246327058600394
"1515",8,0.235515953536728
"1516",2,0.196376497214277
"1517",1,0.181193539895189
"1518",4,0.239292817804982
"1519",9,0.476674069498802
"1520",8,0.241173393129039
"1521",8,0.287878914629823
"1522",4,0.318120885908712
"1523",3,0.252495335315976
"1524",9,0.270123315418536
"1525",4,0.218485290359193
"1526",5,0.24334350884088
"1527",10,0.135550595097954
"1528",8,0.222789413171708
"1529",3,0.342656494287989
"1530",4,0.443852903243978
"1531",8,0.372330604405234
"1532",8,0.549503370755298
"1533",1,0.21376242138128
"1534",8,0.144324923136311
"1535",7,0.316821926961144
"1536",1,0.38963952964076
"1537",3,0.202310591272916
"1538",3,0.23448642011104
"1539",8,0.234034840790062
"1540",1,0.355592405762426
"1541",4,0.126796637042826
"1542",6,0.297339363390777
"1543",2,0.173299215606218
"1544",4,0.239169495410874
"1545",2,0.289259561420786
"1546",1,0.355592858002423
"1547",2,0.255065227979108
"1548",4,0.204520880271505
"1549",8,0.259756962152483
"1550",4,0.26300667047365
"1551",9,0.281297762084271
"1552",8,0.195672855617964
"1553",6,0.281600349165117
"1554",3,0.261356446390212
"1555",3,0.216103514094548
"1556",5,0.175007223115962
"1557",3,0.278685951460699
"1558",4,0.288210750416197
"1559",8,0.275921337223341
"1560",3,0.230785678038712
"1561",9,0.435422444419974
"1562",4,0.307524721348027
"1563",9,0.586084947580271
"1564",8,0.245460965770707
"1565",8,0.264777579814755
"1566",4,0.206124379094198
"1567",9,0.282743218909837
"1568",6,0.20104657407294
"1569",9,0.364049712043009
"1570",3,0.38232984525199
"1571",8,0.260253651911646
"1572",6,0.254392882874833
"1573",4,0.374937301227144
"1574",3,0.164818187743914
"1575",6,0.30412017930282
"1576",8,0.375800956760493
"1577",7,0.182434286837858
"1578",4,0.27636723515592
"1579",8,0.396676131984822
"1580",9,0.337646863007263
"1581",5,0.220930566838984
"1582",5,0.239994239863398
"1583",3,0.208117475835292
"1584",6,0.209133650635295
"1585",3,0.294870421915492
"1586",3,0.165332403176915
"1587",2,0.217737886692158
"1588",4,0.209130905873017
"1589",4,0.268556413693768
"1590",9,0.281506737682624
"1591",8,0.228663585179957
"1592",3,0.209812250073409
"1593",2,0.234945223187431
"1594",4,0.465144928590921
"1595",1,0.196586616400922
"1596",7,0.203871363452535
"1597",8,0.225967808394682
"1598",6,0.697392747929583
"1599",2,0.17843888173633
"1600",1,0.341884981130243
"1601",2,0.170106761974519
"1602",1,0.463227428098443
"1603",1,0.169369679937132
"1604",9,0.226265157867113
"1605",3,0.164654324862488
"1606",2,0.173567175416177
"1607",8,0.334937295944868
"1608",6,0.315161472508105
"1609",8,0.202800917085229
"1610",3,0.244589910248315
"1611",2,0.336635758516421
"1612",8,0.196696195307933
"1613",8,0.197043460518131
"1614",1,0.150605536964254
"1615",9,0.284961663047758
"1616",6,0.191445512625118
"1617",9,0.399833227770064
"1618",6,0.316385881479286
"1619",7,0.224065510667166
"1620",3,0.231202412766569
"1621",9,0.142790727560164
"1622",9,0.304936732112631
"1623",10,0.231821255301767
"1624",2,0.254132181581991
"1625",6,0.551444011625371
"1626",7,0.260037524602376
"1627",5,0.25334329597774
"1628",2,0.224198631463502
"1629",9,0.599059723273354
"1630",7,0.174965392911567
"1631",9,0.272686334306571
"1632",4,0.345340956194162
"1633",9,0.28200557844168
"1634",9,0.272975239770233
"1635",4,0.239197265379439
"1636",2,0.174867465668432
"1637",8,0.334386930944737
"1638",8,0.228663585179957
"1639",5,0.200050864925781
"1640",9,0.260885895387853
"1641",2,0.171234274962089
"1642",3,0.241599017819269
"1643",9,0.386884911236137
"1644",9,0.231862852246862
"1645",3,0.237906643323128
"1646",4,0.262610621008655
"1647",9,0.526321580658365
"1648",1,0.213762418519682
"1649",2,0.289256340458364
"1650",4,0.300005608985883
"1651",8,0.342687527509038
"1652",4,0.461924858311131
"1653",4,0.265377367884223
"1654",9,0.33020323881051
"1655",8,0.218188000742098
"1656",8,0.219136440936078
"1657",8,0.237083167137358
"1658",3,0.351251845352012
"1659",9,0.355419177480835
"1660",3,0.337387958703519
"1661",3,0.220744206083273
"1662",6,0.266129340688947
"1663",3,0.311578869811302
"1664",2,0.257770862547099
"1665",3,0.15651530091251
"1666",4,0.221338696731098
"1667",3,0.220797340891279
"1668",5,0.196201218936679
"1669",6,0.25603980270932
"1670",2,0.212398252307067
"1671",1,0.3954942030256
"1672",6,0.664661232626274
"1673",3,0.200874469691637
"1674",4,0.332010928611672
"1675",4,0.223678079106923
"1676",8,0.187569874521988
"1677",3,0.164819402290924
"1678",3,0.167734476389841
"1679",5,0.195926322660162
"1680",4,0.313841647168215
"1681",4,0.334006847664557
"1682",9,0.37257788911691
"1683",6,0.172838545543526
"1684",4,0.1806598937456
"1685",7,0.200995679822619
"1686",10,0.409675460559969
"1687",2,0.225472860779182
"1688",4,0.211013774189763
"1689",1,0.463227428098443
"1690",8,0.219535652199433
"1691",3,0.244576609821569
"1692",6,0.505534169599274
"1693",3,0.225477385721328
"1694",8,0.221693236976777
"1695",4,0.238736986441707
"1696",9,0.307333619608441
"1697",1,0.202340708554987
"1698",8,0.165736188440046
"1699",3,0.328762825186735
"1700",8,0.246593173497335
"1701",3,0.317760024909842
"1702",9,0.304734265399704
"1703",2,0.222179475089157
"1704",8,0.311088362389775
"1705",8,0.226287074349027
"1706",3,0.178593626183815
"1707",2,0.2164744163531
"1708",4,0.496035286292622
"1709",4,0.334408947417587
"1710",1,0.355592816670217
"1711",3,0.164819407343973
"1712",3,0.164819407343973
"1713",3,0.199987468560585
"1714",4,0.192957585744624
"1715",8,0.165736215294206
"1716",3,0.223897750362858
"1717",2,0.247581785264469
"1718",5,0.255122561583699
"1719",6,0.25277588805409
"1720",9,0.237870216879152
"1721",1,0.193591345881661
"1722",6,0.174756333368506
"1723",2,0.204928071942861
"1724",10,0.26562216710325
"1725",4,0.417412816602394
"1726",3,0.175124384499432
"1727",6,0.172755611524146
"1728",4,0.259456631941013
"1729",6,0.222136316465056
"1730",2,0.263304435637952
"1731",8,0.211847886853275
"1732",1,0.14521856130927
"1733",3,0.240694007017674
"1734",6,0.248556964816782
"1735",8,0.3020064741375
"1736",9,0.400347214373641
"1737",10,0.400573883692661
"1738",8,0.31039319395967
"1739",9,0.168169861145724
"1740",1,0.347355755446138
"1741",1,0.299148469066504
"1742",3,0.227036309661026
"1743",8,0.264761022983972
"1744",1,0.21376242138128
"1745",8,0.26679099184012
"1746",4,0.257444680514715
"1747",7,0.247601537480736
"1748",2,0.204971318272892
"1749",9,0.246686931009412
"1750",6,0.544536368293558
"1751",9,0.403238731964902
"1752",4,0.433545028758755
"1753",4,0.213116203611901
"1754",8,0.156092023642645
"1755",7,0.204130572160051
"1756",3,0.24487233364137
"1757",8,0.278178975042238
"1758",4,0.600187937127521
"1759",8,0.243409130447562
"1760",3,0.331759482623316
"1761",5,0.221063622710462
"1762",4,0.310152155217433
"1763",9,0.357308024604928
"1764",3,0.274730630911822
"1765",8,0.165725351931315
"1766",3,0.244582746626983
"1767",5,0.184297959769602
"1768",3,0.268854488874818
"1769",5,0.239990125640809
"1770",2,0.289257947619246
"1771",9,0.247507731402086
"1772",4,0.126796637042826
"1773",3,0.298712101643892
"1774",6,0.4417459747868
"1775",3,0.369112394651121
"1776",2,0.289256340462884
"1777",6,0.238943261630824
"1778",1,0.213762421359746
"1779",9,0.234675541225969
"1780",8,0.196155320299618
"1781",9,0.399895147803797
"1782",4,0.221445778535798
"1783",6,0.216953861105247
"1784",2,0.150246190734395
"1785",8,0.17294828969544
"1786",2,0.166878066723838
"1787",9,0.205861248125334
"1788",5,0.232734918450775
"1789",8,0.250717200880997
"1790",2,0.204971318272892
"1791",3,0.31796946489673
"1792",4,0.240328817620792
"1793",9,0.231462569387332
"1794",4,0.278088569341857
"1795",3,0.237543873216401
"1796",3,0.231204979210931
"1797",1,0.21376242138128
"1798",4,0.455164435769851
"1799",6,0.394178496029595
"1800",4,0.25872129523436
"1801",9,0.301113380842759
"1802",2,0.186344169757664
"1803",4,0.600208188946367
"1804",2,0.173377387803293
"1805",3,0.220797340891279
"1806",6,0.257380456054276
"1807",1,0.148453129955996
"1808",8,0.319736671424383
"1809",8,0.234406238956727
"1810",1,0.181133408391136
"1811",2,0.185347073207354
"1812",8,0.172166418439458
"1813",3,0.382669412882079
"1814",8,0.173865518735742
"1815",3,0.196092085805738
"1816",8,0.243772335770005
"1817",8,0.228465768638423
"1818",4,0.41317983327273
"1819",5,0.387462544583481
"1820",5,0.184297959769602
"1821",1,0.21376242138128
"1822",3,0.220091069269356
"1823",9,0.436491375255058
"1824",2,0.225553494941254
"1825",6,0.171670794764087
"1826",5,0.203327684346554
"1827",6,0.209487854141324
"1828",3,0.192072480320899
"1829",4,0.543712412910541
"1830",4,0.380929080956615
"1831",3,0.306575008628742
"1832",6,0.211258693509648
"1833",4,0.329160723794997
"1834",6,0.296019564894004
"1835",3,0.355056541814844
"1836",2,0.212562021941833
"1837",4,0.280963517640558
"1838",2,0.192361208179271
"1839",4,0.644986716156858
"1840",7,0.211867882469173
"1841",3,0.295684525393689
"1842",6,0.257250158185343
"1843",6,0.62064704251285
"1844",5,0.222580715399342
"1845",4,0.241137377811823
"1846",9,0.226776711707027
"1847",6,0.316203675223237
"1848",4,0.220045116646699
"1849",10,0.194378019130738
"1850",5,0.256200187828278
"1851",3,0.31796946489673
"1852",5,0.200323468829714
"1853",10,0.230783000007192
"1854",8,0.195061001849372
"1855",4,0.194048552261252
"1856",9,0.262645459332027
"1857",2,0.214950283869905
"1858",3,0.239651543044749
"1859",10,0.213756951448149
"1860",4,0.171719622666931
"1861",9,0.327471954278328
"1862",8,0.253045603080034
"1863",3,0.48192452931499
"1864",1,0.195809179907221
"1865",9,0.458425914861652
"1866",1,0.355592857802947
"1867",2,0.202971249677435
"1868",8,0.174413020372593
"1869",1,0.291459585083862
"1870",2,0.204971318272892
"1871",2,0.288575119995718
"1872",3,0.286606007550629
"1873",3,0.227257966724327
"1874",8,0.332663116710932
"1875",1,0.213762147264025
"1876",8,0.217727960129763
"1877",5,0.286785707881272
"1878",8,0.354132760869158
"1879",1,0.156654266948202
"1880",6,0.365246563384207
"1881",8,0.403981476949466
"1882",9,0.570475635126895
"1883",4,0.29861772886319
"1884",10,0.264133019414979
"1885",6,0.288799725505392
"1886",6,0.651098934946655
"1887",8,0.357909878694753
"1888",8,0.202545189538867
"1889",9,0.38283631025335
"1890",6,0.349820583118779
"1891",1,0.355592816670217
"1892",7,0.148827491895949
"1893",4,0.260797475527732
"1894",4,0.306457210108223
"1895",1,0.355592816670217
"1896",9,0.246426092987281
"1897",3,0.165332403176915
"1898",5,0.190005570836319
"1899",2,0.248831229639373
"1900",4,0.171799449040661
"1901",9,0.267590936840748
"1902",2,0.16990634986739
"1903",3,0.176239762671294
"1904",6,0.221132996134996
"1905",9,0.248633986267593
"1906",8,0.238260631109854
"1907",8,0.14720733744527
"1908",8,0.254718150474802
"1909",3,0.358059405306024
"1910",5,0.210181821459557
"1911",9,0.54106633680607
"1912",5,0.212943066789129
"1913",1,0.21376242138128
"1914",3,0.212650059802874
"1915",9,0.255357503963131
"1916",7,0.210736186327714
"1917",5,0.220602659813412
"1918",4,0.195001253405115
"1919",3,0.382872423504686
"1920",3,0.301870075240028
"1921",4,0.252945145337366
"1922",4,0.325186022502629
"1923",9,0.234588198027192
"1924",3,0.24917047252878
"1925",4,0.324350138303447
"1926",1,0.164336449188842
"1927",2,0.204980552076368
"1928",8,0.22068214871022
"1929",4,0.287406255381893
"1930",1,0.21376242138128
"1931",9,0.437284358252393
"1932",7,0.265634078794761
"1933",8,0.215339378774637
"1934",2,0.293608539807781
"1935",9,0.313130703994466
"1936",9,0.322091409422085
"1937",7,0.201143324522924
"1938",3,0.220790321366526
"1939",8,0.243523516093865
"1940",3,0.192918110339454
"1941",5,0.226395844075416
"1942",6,0.223092633892541
"1943",2,0.194625302274317
"1944",8,0.182149288484407
"1945",4,0.159222781120886
"1946",9,0.217123305628357
"1947",3,0.204338524000539
"1948",8,0.239272766473477
"1949",5,0.432356646704507
"1950",9,0.445027133217215
"1951",3,0.185949042839309
"1952",8,0.202640266634266
"1953",6,0.238300335756238
"1954",6,0.381631106634352
"1955",9,0.503597568066
"1956",2,0.187770726879747
"1957",2,0.295631755685607
"1958",1,0.21376242138128
"1959",1,0.182306047683087
"1960",6,0.635305355393739
"1961",7,0.172840500169835
"1962",1,0.427086353478263
"1963",10,0.199244840080844
"1964",4,0.182710425346264
"1965",4,0.188581827656117
"1966",3,0.31679886260746
"1967",8,0.218642745381457
"1968",3,0.219235129964639
"1969",6,0.252768317092179
"1970",2,0.234514078866289
"1971",2,0.403703791131132
"1972",6,0.390583981062422
"1973",8,0.277630026069454
"1974",9,0.291935649608261
"1975",9,0.210198545404062
"1976",4,0.326549828078732
"1977",8,0.235294987277356
"1978",3,0.244589910248315
"1979",3,0.1936323270935
"1980",3,0.292625379094618
"1981",8,0.315033626058387
"1982",10,0.272114178247656
"1983",9,0.530350399484769
"1984",6,0.36987752372264
"1985",3,0.241599017819269
"1986",4,0.287751174803025
"1987",3,0.240694007017674
"1988",4,0.281581695191522
"1989",5,0.184033397433044
"1990",3,0.260218367294778
"1991",1,0.21376242138128
"1992",1,0.21376242138128
"1993",8,0.252509744044827
"1994",9,0.329753558023264
"1995",10,0.28449045504708
"1996",8,0.292744365539472
"1997",6,0.313359751293007
"1998",4,0.334348185242101
"1999",8,0.280687297031178
"2000",10,0.234475138161234
"2001",10,0.5100458289999
"2002",3,0.210052526576589
"2003",8,0.247635473919455
"2004",1,0.21376242138128
"2005",8,0.271963447111415
"2006",8,0.228646067019396
"2007",7,0.201003780231199
"2008",6,0.39982773562919
"2009",9,0.288503917983474
"2010",3,0.36352132517238
"2011",6,0.310228607535173
"2012",2,0.24320761047203
"2013",2,0.220525251438902
"2014",4,0.270841508128376
"2015",1,0.330703442605096
"2016",8,0.259104175887046
"2017",3,0.220790418426053
"2018",8,0.266712061385482
"2019",8,0.239932975777841
"2020",8,0.267353429123923
"2021",6,0.308318540579713
"2022",9,0.359830708978879
"2023",8,0.337075447932099
"2024",3,0.382869192028792
"2025",9,0.435917074196841
"2026",4,0.126796637042826
"2027",9,0.27974411357554
"2028",2,0.236832112591404
"2029",2,0.256198299869781
"2030",3,0.241760586456001
"2031",3,0.258680019823915
"2032",8,0.249057095558359
"2033",10,0.386377879323516
"2034",7,0.180912019481771
"2035",2,0.174569457309117
"2036",5,0.220332304893546
"2037",1,0.25201232397592
"2038",5,0.164989861794938
"2039",4,0.23414251790598
"2040",9,0.216393695179026
"2041",5,0.177731481381616
"2042",5,0.406716854342618
"2043",2,0.172164630676541
"2044",2,0.173018803117588
"2045",10,0.22650716740382
"2046",8,0.234244378200923
"2047",4,0.218485290359193
"2048",3,0.244589910248315
"2049",8,0.2130253746763
"2050",8,0.247262980400353
"2051",8,0.245753136231751
"2052",6,0.405418837179055
"2053",8,0.232169595119184
"2054",4,0.499050586990604
"2055",4,0.171799449040661
"2056",1,0.355592816670217
"2057",6,0.309388233956027
"2058",1,0.21376242138128
"2059",2,0.26890924924835
"2060",2,0.337798495246069
"2061",4,0.597433106407726
"2062",2,0.288663871496733
"2063",8,0.381549259534676
"2064",1,0.466265250785037
"2065",1,0.21376242138128
"2066",5,0.180682790601939
"2067",5,0.378079369020396
"2068",2,0.293104633256402
"2069",4,0.261340053143431
"2070",3,0.207357119628309
"2071",10,0.342694182058353
"2072",2,0.287141596917104
"2073",9,0.241794318071514
"2074",8,0.269127761514217
"2075",8,0.379956395260395
"2076",3,0.217345102786355
"2077",9,0.441496707996942
"2078",8,0.257484620302399
"2079",3,0.213056263601869
"2080",7,0.318008197091786
"2081",2,0.256656762580659
"2082",3,0.269737304045397
"2083",1,0.21376242138128
"2084",2,0.204978369931954
"2085",9,0.174315996137949
"2086",8,0.234149180941502
"2087",6,0.489543392582252
"2088",8,0.295167068155126
"2089",1,0.285699946102049
"2090",7,0.191949122209231
"2091",8,0.246245185398913
"2092",8,0.220972180360137
"2093",6,0.432306323927494
"2094",4,0.171799449040661
"2095",2,0.200356531798509
"2096",1,0.394919031650709
"2097",6,0.280977506444759
"2098",9,0.303203393507593
"2099",4,0.239103532464055
"2100",8,0.177752323038046
"2101",1,0.216850081793609
"2102",4,0.362993120918605
"2103",8,0.373300411738133
"2104",2,0.390539694556516
"2105",7,0.234986812574532
"2106",2,0.200923872033495
"2107",1,0.21376242138128
"2108",6,0.219779349074303
"2109",4,0.227874996879586
"2110",8,0.185255156612779
"2111",2,0.204978369931954
"2112",3,0.244553108997563
"2113",4,0.221445778535798
"2114",9,0.190602994767226
"2115",6,0.249214904545863
"2116",3,0.155429199183497
"2117",2,0.262313184098249
"2118",6,0.204467114088035
"2119",9,0.296428556079764
"2120",2,0.237920430905206
"2121",8,0.193651558894636
"2122",4,0.618618419661833
"2123",8,0.210484089522895
"2124",3,0.196628367244762
"2125",8,0.205226956692651
"2126",5,0.254699352870282
"2127",6,0.238022659134552
"2128",8,0.291902541585
"2129",6,0.484324387937325
"2130",8,0.22982399413542
"2131",2,0.281387524929326
"2132",8,0.368776070244522
"2133",4,0.188952455949467
"2134",2,0.196780138346046
"2135",5,0.200109720036762
"2136",2,0.204978369931954
"2137",8,0.247744993042383
"2138",4,0.175579820594815
"2139",2,0.292805825531219
"2140",6,0.326506951319649
"2141",3,0.165332403176915
"2142",5,0.220936312086362
"2143",2,0.204978369931954
"2144",8,0.287571810476881
"2145",1,0.181914324465252
"2146",8,0.33618612856544
"2147",6,0.228965764409675
"2148",6,0.242529514898836
"2149",10,0.130669927316384
"2150",3,0.41322773451087
"2151",5,0.240178185845251
"2152",3,0.223084203271802
"2153",4,0.218587415525131
"2154",9,0.458425914861652
"2155",6,0.406037371323357
"2156",6,0.348807635610345
"2157",3,0.198966457833295
"2158",8,0.3103164804576
"2159",2,0.193094937843435
"2160",2,0.228953848439114
"2161",3,0.231203062617352
"2162",3,0.265705672731744
"2163",2,0.219294940830584
"2164",7,0.166890682233235
"2165",6,0.73526941605197
"2166",3,0.233447639985012
"2167",3,0.31796946489673
"2168",4,0.37517837833856
"2169",3,0.317971337192224
"2170",4,0.291725921738546
"2171",5,0.3726124742881
"2172",9,0.252529087882921
"2173",5,0.232950358570871
"2174",9,0.336958120661573
"2175",1,0.2585770868468
"2176",9,0.283294256721954
"2177",6,0.17095806749742
"2178",9,0.145162250542222
"2179",3,0.244589910248315
"2180",8,0.229509856671964
"2181",2,0.357510472786693
"2182",8,0.233688174912099
"2183",8,0.246610975415052
"2184",3,0.256386350333067
"2185",3,0.149420689937701
"2186",8,0.218171788725233
"2187",5,0.214144914930484
"2188",9,0.329588454026716
"2189",8,0.400901386911711
"2190",8,0.263669552443204
